000132,6,114.317497,22.709316,547,0.00,0,0.0,1512264237,755ED,20171203
000132,6,114.315761,22.708961,120,0.00,74,0.0,1512264343,755ED,20171203
000132,6,114.317383,22.709771,185,0.00,80,0.0,1512264403,755ED,20171203
000132,6,114.312845,22.709012,285,0.00,107,0.0,1512264624,755ED,20171203
000132,6,114.316053,22.708617,809,0.00,137,0.0,1512264868,755ED,20171203
000132,6,114.317383,22.709771,185,0.00,82,0.0,1512264972,755ED,20171203
000132,6,114.312845,22.709012,285,0.00,64,0.0,1512265243,755ED,20171203
000132,6,114.313162,22.70893,183,0.00,257,0.0,1512265313,755ED,20171203
000132,6,114.315761,22.708961,120,0.00,9,0.0,1512265374,755ED,20171203
000132,6,114.317383,22.709771,185,0.00,137,0.0,1512265446,755ED,20171203
000132,6,114.316584,22.709162,141,0.00,132,0.0,1512265715,755ED,20171203
000132,6,114.316584,22.709162,141,0.00,121,0.0,1512265842,755ED,20171203
000132,6,114.316584,22.709162,141,0.00,121,0.0,1512266142,755ED,20171203
000132,6,114.312845,22.709012,285,0.00,107,0.0,1512266143,755ED,20171203
000132,6,114.312845,22.709012,285,0.00,295,0.0,1512266722,755ED,20171203
000132,6,114.312845,22.709012,285,0.00,345,0.0,1512267206,755ED,20171203
000132,6,114.315761,22.708961,120,0.00,275,0.0,1512267478,755ED,20171203
000132,6,114.317497,22.709316,547,0.00,285,0.0,1512267598,755ED,20171203
000132,6,114.314963,22.708448,136,0.00,5,0.0,1512267786,755ED,20171203
000132,6,114.31582,22.708635,151,0.00,70,0.0,1512267846,755ED,20171203
000132,1,114.316787,22.706493,7,52.00,316.29,5.42,1512267990,755ED,20171203
000132,1,114.316807,22.706615,7,50.00,32.9,0.93,1512267998,755ED,20171203
000132,1,114.317005,22.706485,9,51.00,124.5,3.59,1512268006,755ED,20171203
000132,1,114.317336,22.706251,9,49.00,123.8,6.49,1512268012,755ED,20171203
000132,1,114.317676,22.706044,7,51.00,127.3,8.4,1512268017,755ED,20171203
000132,1,114.318003,22.705801,8,51.00,131.39,8.82,1512268022,755ED,20171203
000132,1,114.318396,22.705573,8,56.00,126.5,9.39,1512268027,755ED,20171203
000132,1,114.319228,22.704969,5,59.00,127.8,10.39,1512268037,755ED,20171203
000132,1,114.319921,22.704465,3,58.00,129.39,9.03,1512268046,755ED,20171203
000132,1,114.32021,22.704239,5,63.00,129.39,7.77,1512268051,755ED,20171203
000132,1,114.320579,22.704011,6,58.00,126.5,7.59,1512268056,755ED,20171203
000132,1,114.320801,22.703802,6,54.00,134.5,6.45,1512268061,755ED,20171203
000132,1,114.320864,22.70342,5,60.00,201.39,5.63,1512268071,755ED,20171203
000132,1,114.320738,22.703046,8,42.00,205.5,6.9,1512268077,755ED,20171203
000132,1,114.320579,22.702778,10,43.00,207.6,7.02,1512268082,755ED,20171203
000132,1,114.320415,22.702576,8,40.00,216.69,5.11,1512268087,755ED,20171203
000132,1,114.320196,22.702493,9,40.00,248.8,4.03,1512268092,755ED,20171203
000132,1,114.319977,22.702682,6,40.00,305.2,6.02,1512268097,755ED,20171203
000132,1,114.319698,22.702808,6,41.00,299.7,7.26,1512268102,755ED,20171203
000132,1,114.31937,22.703052,5,41.00,304.5,8.88,1512268107,755ED,20171203
000132,1,114.318336,22.70355,10,45.00,293.79,11.39,1512268118,755ED,20171203
000132,1,114.31763,22.704107,5,47.00,302.7,10.49,1512268127,755ED,20171203
000132,1,114.316689,22.704374,5,45.00,283.29,10.56,1512268137,755ED,20171203
000132,1,114.315756,22.704585,8,45.00,283.7,10.85,1512268146,755ED,20171203
000132,1,114.315116,22.704695,6,38.00,282.79,10.06,1512268153,755ED,20171203
000132,1,114.314251,22.704903,6,43.00,283.2,7.84,1512268163,755ED,20171203
000132,1,114.313815,22.70484,7,40.00,235.19,4.89,1512268172,755ED,20171203
000132,6,114.316567,22.704171,170,0.00,7,0.0,1512268174,755ED,20171203
000132,1,114.313662,22.704663,10,37.00,206.3,6.48,1512268177,755ED,20171203
000132,1,114.313478,22.703896,4,38.00,192.5,9.48,1512268187,755ED,20171203
000132,1,114.313294,22.703214,7,40.00,192.39,6.36,1512268196,755ED,20171203
000132,1,114.313224,22.702997,6,44.00,194.6,4.71,1512268201,755ED,20171203
000132,1,114.313011,22.70216,9,45.00,192.6,9.77,1512268212,755ED,20171203
000132,1,114.312946,22.701663,14,45.00,189.1,11.3,1512268217,755ED,20171203
000132,1,114.312766,22.701101,18,44.00,194.19,12.82,1512268222,755ED,20171203
000132,1,114.312643,22.699932,12,35.00,188.6,13.17,1512268232,755ED,20171203
000132,1,114.312517,22.699284,10,28.00,189.39,13.55,1512268237,755ED,20171203
000132,1,114.312292,22.698617,13,23.00,196.19,14.42,1512268242,755ED,20171203
000132,1,114.31222,22.698065,13,19.00,191.6,12.15,1512268247,755ED,20171203
000132,1,114.311766,22.697084,9,27.00,204.89,11.06,1512268257,755ED,20171203
000132,1,114.311495,22.696799,7,37.00,208.1,5.29,1512268262,755ED,20171203
000132,1,114.311377,22.696688,6,39.00,0,0.05,1512268272,755ED,20171203
000132,1,114.311423,22.696666,7,39.00,0,0.0,1512268277,755ED,20171203
000132,1,114.311423,22.696673,12,40.00,0,0.0,1512268288,755ED,20171203
000132,1,114.311413,22.696676,7,43.00,0,0.0,1512268296,755ED,20171203
000132,1,114.311429,22.696677,10,46.00,0,0.0,1512268303,755ED,20171203
000132,1,114.311477,22.696673,5,43.00,0,0.0,1512268311,755ED,20171203
000132,1,114.31147,22.696673,7,47.00,0,0.0,1512268322,755ED,20171203
000132,1,114.311273,22.696502,10,51.00,218.3,6.15,1512268333,755ED,20171203
000132,1,114.311019,22.696268,3,58.00,223.39,8.01,1512268337,755ED,20171203
000132,1,114.310401,22.695806,4,47.00,231.5,8.88,1512268346,755ED,20171203
000132,1,114.310031,22.695564,3,47.00,237,9.12,1512268351,755ED,20171203
000132,1,114.309437,22.695058,8,46.00,203.69,6.5,1512268361,755ED,20171203
000132,1,114.309407,22.694795,6,45.00,177.8,6.16,1512268366,755ED,20171203
000132,1,114.30955,22.694177,4,43.00,183.3,7.9,1512268376,755ED,20171203
000132,1,114.309589,22.693748,4,24.00,178.39,10.07,1512268381,755ED,20171203
000132,1,114.309544,22.693239,6,26.00,181.8,12.29,1512268386,755ED,20171203
000132,1,114.309485,22.692671,8,35.00,183.3,12.66,1512268391,755ED,20171203
000132,1,114.309606,22.692066,12,30.00,173.8,10.64,1512268397,755ED,20171203
000132,1,114.309467,22.691756,13,30.00,206.3,6.69,1512268402,755ED,20171203
000132,1,114.309143,22.69168,6,37.00,265.6,7.5,1512268407,755ED,20171203
000132,1,114.308235,22.691634,6,36.00,269.1,10.06,1512268417,755ED,20171203
000132,1,114.307757,22.691685,14,36.00,271.1,10.1,1512268422,755ED,20171203
000132,1,114.307131,22.691635,21,36.00,268.2,10.66,1512268428,755ED,20171203
000132,6,114.318156,22.691553,1000,0.00,59,0.0,1512268434,755ED,20171203
000132,1,114.306308,22.691749,22,36.00,294.29,6.51,1512268438,755ED,20171203
000132,1,114.306246,22.691722,20,40.00,229.1,0.63,1512268448,755ED,20171203
000132,1,114.306314,22.691722,46,39.00,52.29,0.5,1512268453,755ED,20171203
000132,1,114.306383,22.691691,47,37.00,83.3,0.34,1512268458,755ED,20171203
000132,1,114.3064,22.691665,39,33.00,79.19,0.6,1512268463,755ED,20171203
000132,1,114.30639,22.691664,13,45.00,0,0.0,1512268468,755ED,20171203
000132,1,114.306348,22.691643,8,32.00,0,0.0,1512268473,755ED,20171203
000132,1,114.305989,22.691663,4,38.00,269.6,6.3,1512268478,755ED,20171203
000132,1,114.305918,22.69166,5,37.00,268.6,6.46,1512268479,755ED,20171203
000132,1,114.305499,22.691668,4,47.00,270.6,7.71,1512268484,755ED,20171203
000132,1,114.305128,22.691658,4,50.00,271,6.49,1512268489,755ED,20171203
000132,1,114.304798,22.691655,5,48.00,269.79,6.72,1512268494,755ED,20171203
000132,1,114.304484,22.69165,9,45.00,269.79,6.23,1512268499,755ED,20171203
000132,1,114.304222,22.691637,10,45.00,268.6,4.81,1512268504,755ED,20171203
000132,1,114.304027,22.691604,10,45.00,255.39,3.91,1512268509,755ED,20171203
000132,1,114.303811,22.691633,9,48.00,295.39,4.2,1512268514,755ED,20171203
000132,1,114.303731,22.691764,10,51.00,331,2.06,1512268519,755ED,20171203
000132,1,114.303737,22.691757,9,53.00,0,0.0,1512268524,755ED,20171203
000132,1,114.303735,22.691756,9,53.00,0,0.0,1512268529,755ED,20171203
000132,1,114.303747,22.691826,9,54.00,358.29,2.68,1512268534,755ED,20171203
000132,1,114.303748,22.691849,9,54.00,3.4,2.83,1512268535,755ED,20171203
000132,1,114.303835,22.691962,9,51.00,54.29,2.22,1512268540,755ED,20171203
000132,1,114.303926,22.691985,3,49.00,64.5,1.64,1512268545,755ED,20171203
000132,1,114.304013,22.691996,3,50.00,92.9,1.48,1512268550,755ED,20171203
000132,1,114.304033,22.691997,3,52.00,0,0.0,1512268555,755ED,20171203
000132,1,114.303982,22.692013,3,54.00,322.7,1.45,1512268560,755ED,20171203
000132,1,114.30398,22.692019,3,55.00,323.1,1.0,1512268561,755ED,20171203
000132,1,114.303987,22.692056,3,57.00,323.2,1.22,1512268566,755ED,20171203
000132,1,114.303995,22.692084,11,58.00,323.2,0.66,1512268571,755ED,20171203
000132,1,114.304085,22.692102,19,59.00,87.8,1.73,1512268576,755ED,20171203
000132,1,114.304126,22.692106,17,60.00,61.59,1.57,1512268581,755ED,20171203
000132,1,114.304116,22.692125,9,61.00,0,0.0,1512268586,755ED,20171203
000132,1,114.304089,22.692118,12,61.00,0,0.0,1512268591,755ED,20171203
000132,1,114.304077,22.692118,9,61.00,0,0.0,1512268596,755ED,20171203
000132,1,114.304072,22.692116,7,62.00,0,0.0,1512268601,755ED,20171203
000132,1,114.30407,22.692116,6,62.00,0,0.0,1512268606,755ED,20171203
000132,1,114.304069,22.692116,7,62.00,0,0.0,1512268611,755ED,20171203
000132,1,114.304065,22.692115,11,62.00,0,0.0,1512268657,755ED,20171203
000132,1,114.304063,22.692114,10,62.00,0,0.0,1512268677,755ED,20171203
000132,1,114.304062,22.692113,9,62.00,0,0.0,1512268687,755ED,20171203
000132,1,114.304057,22.692107,9,62.00,0,0.0,1512268697,755ED,20171203
000132,1,114.304054,22.692104,9,62.00,0,0.0,1512268767,755ED,20171203
000132,1,114.304052,22.692103,9,62.00,0,0.0,1512268777,755ED,20171203
000132,1,114.304051,22.692103,9,62.00,0,0.0,1512268787,755ED,20171203
000132,1,114.30405,22.692102,9,62.00,0,0.0,1512268807,755ED,20171203
000132,1,114.304049,22.6921,9,62.00,0,0.0,1512268817,755ED,20171203
000132,1,114.304049,22.692098,9,62.00,0,0.0,1512268841,755ED,20171203
000132,1,114.304046,22.692094,9,61.00,0,0.0,1512268923,755ED,20171203
000132,1,114.304044,22.692091,3,61.00,0,0.0,1512268996,755ED,20171203
000132,1,114.304046,22.69209,4,61.00,0,0.0,1512269016,755ED,20171203
000132,1,114.304041,22.692091,3,62.00,0,0.0,1512269026,755ED,20171203
000132,1,114.304036,22.692091,3,63.00,0,0.0,1512269036,755ED,20171203
000132,1,114.304008,22.692083,3,65.00,0,0.0,1512269256,755ED,20171203
000132,1,114.304011,22.692069,4,60.00,0,0.0,1512269266,755ED,20171203
000132,1,114.304014,22.692073,4,61.00,0,0.0,1512269276,755ED,20171203
000132,6,114.303665,22.691899,115,0.00,214,0.0,1512269632,755ED,20171203
000132,1,114.303897,22.692077,9,75.00,0,0.0,1512269989,755ED,20171203
000132,1,114.303866,22.692206,10,101.00,0,0.0,1512270140,755ED,20171203
000132,1,114.303878,22.692182,9,96.00,0,0.0,1512270151,755ED,20171203
000132,1,114.303881,22.692176,3,94.00,0,0.0,1512270161,755ED,20171203
000132,1,114.303836,22.692154,4,103.00,0,0.0,1512270171,755ED,20171203
000132,1,114.303832,22.692132,6,103.00,221.39,0.22,1512270182,755ED,20171203
000132,1,114.303832,22.692107,4,106.00,168.69,0.92,1512270217,755ED,20171203
000132,1,114.303829,22.692115,6,105.00,217.8,0.18,1512270218,755ED,20171203
000132,1,114.303833,22.692119,5,106.00,0,0.0,1512270227,755ED,20171203
000132,1,114.30383,22.692126,29,106.00,0,0.0,1512270244,755ED,20171203
000132,1,114.303831,22.692128,24,106.00,0,0.0,1512270250,755ED,20171203
000132,1,114.303833,22.69213,22,106.00,0,0.0,1512270260,755ED,20171203
000132,1,114.303836,22.692138,22,106.00,0,0.0,1512270309,755ED,20171203
000132,1,114.303805,22.692111,16,106.00,0,0.0,1512270327,755ED,20171203
000132,1,114.303797,22.692098,11,106.00,0,0.0,1512270337,755ED,20171203
000132,1,114.3038,22.691969,11,92.00,179.3,1.29,1512270347,755ED,20171203
000132,1,114.30379,22.691876,8,83.00,184.6,2.45,1512270349,755ED,20171203
000132,1,114.303692,22.691756,7,78.00,223,3.15,1512270354,755ED,20171203
000132,1,114.303381,22.691718,13,75.00,263.29,6.85,1512270359,755ED,20171203
000132,1,114.30304,22.691848,13,72.00,280.6,7.33,1512270364,755ED,20171203
000132,1,114.302665,22.69172,7,72.00,270.29,8.09,1512270369,755ED,20171203
000132,1,114.302357,22.69169,6,66.00,276.39,5.36,1512270374,755ED,20171203
000132,1,114.302087,22.691656,9,60.00,268.29,5.3,1512270379,755ED,20171203
000132,1,114.301356,22.69165,4,59.00,270.2,8.38,1512270389,755ED,20171203
000132,1,114.300427,22.691582,5,52.00,268.6,10.26,1512270399,755ED,20171203
000132,1,114.29948,22.691619,7,68.00,268.2,11.47,1512270408,755ED,20171203
000132,1,114.298959,22.691583,7,70.00,269.5,11.65,1512270413,755ED,20171203
000132,1,114.298408,22.691598,6,73.00,268.39,11.01,1512270418,755ED,20171203
000132,1,114.29795,22.691586,8,68.00,258.89,7.42,1512270423,755ED,20171203
000132,1,114.297731,22.691288,9,68.00,185.89,6.68,1512270429,755ED,20171203
000132,1,114.297705,22.690968,5,69.00,176.39,7.44,1512270434,755ED,20171203
000132,1,114.297724,22.690589,6,53.00,181.89,7.07,1512270439,755ED,20171203
000132,1,114.297707,22.690307,8,61.00,173,3.9,1512270444,755ED,20171203
000132,1,114.297762,22.689854,13,67.00,185.3,3.84,1512270454,755ED,20171203
000132,1,114.297879,22.68967,21,81.00,150.39,4.68,1512270460,755ED,20171203
000132,1,114.297978,22.689108,14,99.00,183.3,5.05,1512270469,755ED,20171203
000132,1,114.297893,22.688776,9,102.00,182.3,6.1,1512270474,755ED,20171203
000132,1,114.297744,22.688575,10,100.00,210.89,4.71,1512270479,755ED,20171203
000132,1,114.297566,22.688484,9,95.00,251.6,5.52,1512270484,755ED,20171203
000132,1,114.296678,22.688472,5,72.00,269.29,10.11,1512270494,755ED,20171203
000132,1,114.295796,22.688449,7,66.00,264.7,9.61,1512270503,755ED,20171203
000132,1,114.29532,22.688506,7,64.00,269.79,8.75,1512270508,755ED,20171203
000132,1,114.294959,22.688473,6,64.00,269.29,7.21,1512270513,755ED,20171203
000132,1,114.294541,22.688472,7,61.00,269.7,8.88,1512270518,755ED,20171203
000132,1,114.293469,22.688391,9,62.00,262.7,11.13,1512270529,755ED,20171203
000132,1,114.292952,22.688424,5,64.00,267.2,11.47,1512270534,755ED,20171203
000132,1,114.292383,22.688371,4,67.00,266.89,11.8,1512270539,755ED,20171203
000132,1,114.291363,22.688387,5,70.00,268,8.58,1512270549,755ED,20171203
000132,1,114.291018,22.688359,5,71.00,267.6,5.78,1512270554,755ED,20171203
000132,1,114.290788,22.688369,8,68.00,265.2,0.97,1512270563,755ED,20171203
000132,1,114.290761,22.688276,9,56.00,0,0.0,1512270569,755ED,20171203
000132,1,114.290769,22.688308,9,59.00,0,0.0,1512270580,755ED,20171203
000132,1,114.290758,22.688302,9,58.00,0,0.0,1512270589,755ED,20171203
000132,1,114.290543,22.687895,9,70.00,180.19,5.99,1512270600,755ED,20171203
000132,1,114.290473,22.687659,3,68.00,179.69,6.27,1512270604,755ED,20171203
000132,1,114.290513,22.687214,8,67.00,186.3,3.54,1512270614,755ED,20171203
000132,1,114.290362,22.687135,6,61.00,257.2,2.82,1512270619,755ED,20171203
000132,1,114.289807,22.687156,5,71.00,268.29,6.36,1512270629,755ED,20171203
000132,1,114.289561,22.687142,5,73.00,266.89,4.4,1512270634,755ED,20171203
000132,1,114.289279,22.687076,9,74.00,198.39,2.98,1512270644,755ED,20171203
000132,1,114.289287,22.686868,7,67.00,176.89,4.05,1512270649,755ED,20171203
000132,1,114.289292,22.686681,5,65.00,173.6,2.65,1512270654,755ED,20171203
000132,1,114.289371,22.686313,7,65.00,160.1,3.57,1512270665,755ED,20171203
000132,1,114.289506,22.686206,9,72.00,13,0.86,1512270673,755ED,20171203
000132,1,114.289465,22.686211,16,71.00,74.69,0.46,1512270679,755ED,20171203
000132,1,114.289466,22.686192,16,71.00,140.39,0.42,1512270684,755ED,20171203
000132,1,114.289382,22.686247,18,65.00,250,0.31,1512270694,755ED,20171203
000132,1,114.28942,22.686236,17,69.00,0,0.0,1512270700,755ED,20171203
000132,1,114.289436,22.686212,22,68.00,0,0.0,1512270710,755ED,20171203
000132,1,114.289439,22.686209,21,68.00,0,0.0,1512270730,755ED,20171203
000132,1,114.289438,22.686206,21,67.00,0,0.0,1512270735,755ED,20171203
000132,1,114.28944,22.686181,15,68.00,0,0.0,1512270744,755ED,20171203
000132,1,114.28942,22.686155,21,72.00,0,0.0,1512270773,755ED,20171203
000132,1,114.289436,22.686124,28,71.00,0,0.0,1512270794,755ED,20171203
000132,1,114.289415,22.686075,26,74.00,0,0.0,1512270837,755ED,20171203
000132,1,114.289429,22.686049,19,76.00,0,0.0,1512270855,755ED,20171203
000132,1,114.289426,22.686056,21,76.00,0,0.0,1512270875,755ED,20171203
000132,1,114.289418,22.686047,13,78.00,0,0.0,1512270894,755ED,20171203
000132,1,114.289426,22.686044,16,78.00,0,0.0,1512270904,755ED,20171203
000132,1,114.289424,22.68604,16,78.00,0,0.0,1512270914,755ED,20171203
000132,1,114.289422,22.686038,21,77.00,0,0.0,1512270925,755ED,20171203
000132,1,114.289427,22.686044,25,78.00,0,0.0,1512270945,755ED,20171203
000132,1,114.289433,22.686057,31,80.00,0,0.0,1512270958,755ED,20171203
000132,1,114.289434,22.686056,45,81.00,0,0.0,1512270981,755ED,20171203
000132,1,114.289449,22.686076,21,82.00,0,0.0,1512270997,755ED,20171203
000132,1,114.289786,22.686529,19,63.00,4.8,5.0,1512271014,755ED,20171203
000132,1,114.29024,22.686729,10,63.00,356.2,4.88,1512271016,755ED,20171203
000132,1,114.290237,22.686935,15,62.00,358.6,4.92,1512271021,755ED,20171203
000132,1,114.290421,22.687111,13,62.00,32.4,3.18,1512271026,755ED,20171203
000132,1,114.290545,22.687295,10,69.00,25,4.5,1512271031,755ED,20171203
000132,1,114.290563,22.687521,7,73.00,6.8,6.5,1512271036,755ED,20171203
000132,1,114.290566,22.687857,7,70.00,1.1,7.66,1512271041,755ED,20171203
000132,1,114.290579,22.688117,8,68.00,14.6,4.6,1512271046,755ED,20171203
000132,1,114.290835,22.688227,8,61.00,75.69,5.34,1512271051,755ED,20171203
000132,1,114.291157,22.688281,6,53.00,87.69,7.76,1512271056,755ED,20171203
000132,1,114.291572,22.68823,8,62.00,90.19,7.64,1512271061,755ED,20171203
000132,1,114.291971,22.688217,11,63.00,90.59,8.18,1512271066,755ED,20171203
000132,1,114.292694,22.688292,8,62.00,89.69,8.12,1512271076,755ED,20171203
000132,1,114.293049,22.688307,5,59.00,90.4,6.45,1512271081,755ED,20171203
000132,1,114.293347,22.688287,4,62.00,88.69,5.88,1512271086,755ED,20171203
000132,1,114.293912,22.688313,9,64.00,88,4.9,1512271096,755ED,20171203
000132,1,114.294093,22.688367,8,58.00,77.9,4.15,1512271101,755ED,20171203
000132,1,114.294186,22.688487,6,63.00,352,2.81,1512271106,755ED,20171203
000132,1,114.294193,22.688576,5,58.00,347.89,2.16,1512271111,755ED,20171203
000132,1,114.294139,22.688805,5,63.00,358.5,4.75,1512271120,755ED,20171203
000132,1,114.294129,22.689328,5,67.00,0.5,4.36,1512271130,755ED,20171203
000132,1,114.294233,22.689473,5,66.00,48.7,3.93,1512271135,755ED,20171203
000132,1,114.294437,22.689552,6,64.00,75,4.86,1512271140,755ED,20171203
000132,1,114.294685,22.689558,7,61.00,90.3,6.26,1512271145,755ED,20171203
000132,1,114.294999,22.689655,17,67.00,76.5,4.42,1512271151,755ED,20171203
000132,1,114.295189,22.689638,9,68.00,58.2,3.76,1512271156,755ED,20171203
000132,1,114.295239,22.689791,8,67.00,359.79,4.36,1512271161,755ED,20171203
000132,1,114.295216,22.689939,6,73.00,357.89,3.41,1512271166,755ED,20171203
000132,1,114.295267,22.690076,6,70.00,32.9,3.02,1512271171,755ED,20171203
000132,1,114.295401,22.690191,16,73.00,42.5,1.25,1512271181,755ED,20171203
000132,1,114.295531,22.690188,10,74.00,91.09,2.63,1512271186,755ED,20171203
000132,1,114.295675,22.690144,8,75.00,87.69,2.24,1512271191,755ED,20171203
000132,1,114.295739,22.690038,8,67.00,204.39,1.54,1512271196,755ED,20171203
000132,1,114.295717,22.690031,8,75.00,72,0.34,1512271201,755ED,20171203
000132,1,114.295649,22.690056,8,82.00,46.59,0.24,1512271211,755ED,20171203
000132,1,114.295732,22.690004,10,72.00,99.09,0.58,1512271216,755ED,20171203
000132,1,114.295754,22.689966,13,73.00,169.3,0.97,1512271221,755ED,20171203
000132,1,114.295767,22.690005,12,79.00,0.89,0.31,1512271226,755ED,20171203
000132,1,114.295719,22.689998,15,80.00,213.39,0.66,1512271231,755ED,20171203
000132,1,114.295727,22.68998,13,78.00,149.1,0.44,1512271236,755ED,20171203
000132,1,114.295742,22.690004,9,76.00,156.8,0.29,1512271246,755ED,20171203
000132,1,114.295746,22.690029,4,77.00,74.69,1.79,1512271256,755ED,20171203
000132,1,114.295924,22.690154,16,73.00,259.39,0.39,1512271267,755ED,20171203
000132,6,114.296102,22.690301,136,0.00,159,0.0,1512271449,755ED,20171203
000132,1,114.29586,22.690175,27,80.00,317,1.73,1512271500,755ED,20171203
000132,1,114.295816,22.690219,39,87.00,324,1.48,1512271509,755ED,20171203
000132,1,114.295724,22.690149,63,81.00,215.6,0.87,1512271534,755ED,20171203
000132,1,114.295746,22.690265,48,88.00,345,0.56,1512271539,755ED,20171203
000132,1,114.295751,22.690119,50,81.00,171.5,1.26,1512271554,755ED,20171203
000132,1,114.295686,22.690178,47,86.00,217.3,0.56,1512271559,755ED,20171203
000132,1,114.295693,22.69025,47,99.00,255.69,0.51,1512271571,755ED,20171203
000132,1,114.295662,22.690207,40,98.00,226.69,0.6,1512271576,755ED,20171203
000132,1,114.295547,22.690446,38,80.00,266.6,2.09,1512271588,755ED,20171203
000132,1,114.295476,22.690481,39,78.00,191.5,2.57,1512271597,755ED,20171203
000132,1,114.295309,22.689806,15,81.00,169.6,2.71,1512271605,755ED,20171203
000132,1,114.295299,22.689674,18,83.00,173.8,2.81,1512271610,755ED,20171203
000132,1,114.295284,22.689548,13,79.00,182,2.43,1512271615,755ED,20171203
000132,1,114.295219,22.689492,13,82.00,232.3,2.27,1512271620,755ED,20171203
000132,1,114.295083,22.689516,13,76.00,270.89,2.23,1512271625,755ED,20171203
000132,1,114.294952,22.689488,13,75.00,271.29,2.96,1512271630,755ED,20171203
000132,1,114.294811,22.689515,14,78.00,273.5,3.16,1512271635,755ED,20171203
000132,1,114.294606,22.689467,17,76.00,267.6,3.14,1512271641,755ED,20171203
000132,1,114.294303,22.689479,10,78.00,269.6,2.74,1512271650,755ED,20171203
000132,1,114.294163,22.68963,5,71.00,352.1,2.73,1512271660,755ED,20171203
000132,1,114.294136,22.689942,5,74.00,6.59,3.76,1512271669,755ED,20171203
000132,1,114.29413,22.690114,5,80.00,357.39,3.52,1512271674,755ED,20171203
000132,1,114.294077,22.69042,7,72.00,347.6,2.57,1512271684,755ED,20171203
000132,1,114.294105,22.69054,5,70.00,3,3.24,1512271689,755ED,20171203
000132,1,114.294078,22.690688,5,63.00,358.79,5.05,1512271694,755ED,20171203
000132,1,114.294076,22.691174,7,59.00,358.5,5.0,1512271704,755ED,20171203
000132,1,114.294155,22.691367,5,63.00,23.5,4.29,1512271709,755ED,20171203
000132,1,114.294283,22.691498,4,61.00,66.3,3.28,1512271714,755ED,20171203
000132,1,114.294802,22.691458,6,61.00,93.9,6.97,1512271724,755ED,20171203
000132,1,114.295148,22.691488,6,57.00,87.69,7.63,1512271729,755ED,20171203
000132,1,114.295689,22.691498,9,60.00,90.8,8.4,1512271735,755ED,20171203
000132,1,114.296164,22.691372,17,58.00,100.5,9.21,1512271740,755ED,20171203
000132,1,114.296498,22.691447,8,55.00,89.19,8.54,1512271745,755ED,20171203
000132,1,114.297298,22.691459,9,53.00,89.09,9.42,1512271754,755ED,20171203
000132,1,114.297854,22.691529,5,50.00,88,9.45,1512271760,755ED,20171203
000132,1,114.298663,22.691518,6,53.00,88.59,9.57,1512271769,755ED,20171203
000132,1,114.299269,22.691539,3,53.00,87.19,10.45,1512271775,755ED,20171203
000132,1,114.300152,22.691554,6,58.00,91.19,9.48,1512271784,755ED,20171203
000132,1,114.300696,22.691581,9,58.00,88.8,11.13,1512271789,755ED,20171203
000132,1,114.301176,22.691541,5,52.00,91.09,8.53,1512271794,755ED,20171203
000132,1,114.301333,22.691551,4,53.00,90.8,1.34,1512271799,755ED,20171203
000132,1,114.301329,22.691514,9,54.00,0,0.0,1512271804,755ED,20171203
000132,1,114.301336,22.691535,5,55.00,0,0.0,1512271810,755ED,20171203
000132,1,114.301415,22.691559,6,56.00,84.9,3.69,1512271830,755ED,20171203
000132,1,114.301558,22.691571,9,56.00,84.9,3.68,1512271834,755ED,20171203
000132,1,114.301657,22.691922,4,58.00,3.09,5.69,1512271840,755ED,20171203
000132,1,114.301658,22.692399,5,52.00,357,6.61,1512271849,755ED,20171203
000132,1,114.301581,22.692665,6,49.00,354.89,6.34,1512271854,755ED,20171203
000132,1,114.301558,22.693003,7,43.00,359.29,7.13,1512271859,755ED,20171203
000132,1,114.301571,22.6934,6,43.00,355.1,6.84,1512271865,755ED,20171203
000132,1,114.301581,22.693924,7,39.00,4,6.36,1512271874,755ED,20171203
000132,1,114.301578,22.694245,4,48.00,1.1,5.84,1512271880,755ED,20171203
000132,1,114.301671,22.694501,4,49.00,22.6,5.54,1512271885,755ED,20171203
000132,1,114.302068,22.694811,8,51.00,77,6.04,1512271894,755ED,20171203
000132,1,114.302264,22.694877,8,50.00,88.9,6.94,1512271899,755ED,20171203
000132,1,114.302692,22.694856,8,49.00,87.8,6.21,1512271904,755ED,20171203
000132,1,114.302959,22.694809,8,47.00,87.5,2.63,1512271909,755ED,20171203
000132,1,114.303037,22.694777,9,48.00,0,0.0,1512271914,755ED,20171203
000132,1,114.303022,22.694864,7,44.00,58,2.49,1512271919,755ED,20171203
000132,1,114.303107,22.69499,8,45.00,10.8,4.08,1512271924,755ED,20171203
000132,1,114.303089,22.695154,8,46.00,2.2,3.43,1512271929,755ED,20171203
000132,1,114.303104,22.695273,14,43.00,2.29,0.28,1512271935,755ED,20171203
000132,1,114.303121,22.695322,15,44.00,2.5,2.18,1512271940,755ED,20171203
000132,1,114.30301,22.695405,10,46.00,305.79,3.55,1512271945,755ED,20171203
000132,1,114.302836,22.695442,7,48.00,271,3.49,1512271950,755ED,20171203
000132,1,114.302539,22.695412,9,49.00,266.1,3.69,1512271959,755ED,20171203
000132,1,114.302291,22.695419,6,50.00,271,3.65,1512271965,755ED,20171203
000132,1,114.302145,22.695524,5,51.00,353.5,3.36,1512271974,755ED,20171203
000132,1,114.302118,22.695737,7,51.00,359.79,3.77,1512271980,755ED,20171203
000132,1,114.302055,22.695896,8,51.00,344.29,3.33,1512271985,755ED,20171203
000132,1,114.302024,22.696035,12,51.00,347,3.15,1512271990,755ED,20171203
000132,1,114.302122,22.695973,14,57.00,0,0.0,1512272001,755ED,20171203
000132,1,114.302127,22.695967,14,56.00,0,0.0,1512272010,755ED,20171203
000132,1,114.302154,22.695983,11,59.00,0,0.0,1512272015,755ED,20171203
000132,1,114.302171,22.695984,13,62.00,0,0.0,1512272020,755ED,20171203
000132,6,114.302118,22.694786,179,0.00,236,0.0,1512272121,755ED,20171203
000132,1,114.302163,22.695979,41,64.00,0,0.0,1512272177,755ED,20171203
000132,1,114.302316,22.696009,26,52.00,119,1.77,1512272192,755ED,20171203
000132,1,114.302134,22.695888,19,59.00,0,0.0,1512272195,755ED,20171203
000132,1,114.30213,22.695861,20,60.00,0,0.0,1512272200,755ED,20171203
000132,1,114.302123,22.695789,24,59.00,173.19,3.17,1512272205,755ED,20171203
000132,1,114.302136,22.69556,46,61.00,169.6,2.97,1512272212,755ED,20171203
000132,1,114.302232,22.695487,16,55.00,94.59,3.35,1512272219,755ED,20171203
000132,1,114.302411,22.695487,16,59.00,87.4,3.45,1512272224,755ED,20171203
000132,1,114.302575,22.695409,12,61.00,93.8,2.63,1512272229,755ED,20171203
000132,1,114.302813,22.695425,11,51.00,94.09,2.75,1512272234,755ED,20171203
000132,1,114.303028,22.695396,17,50.00,91,2.76,1512272239,755ED,20171203
000132,1,114.303082,22.695371,17,52.00,169.6,2.17,1512272244,755ED,20171203
000132,1,114.303075,22.695317,18,53.00,197.3,1.11,1512272249,755ED,20171203
000132,1,114.303099,22.695305,19,52.00,136.1,0.5,1512272254,755ED,20171203
000132,1,114.303187,22.6952,19,70.00,184.69,1.8,1512272260,755ED,20171203
000132,1,114.303017,22.695065,18,65.00,194,2.55,1512272269,755ED,20171203
000132,1,114.303158,22.694837,14,74.00,132.89,3.76,1512272274,755ED,20171203
000132,1,114.303234,22.695004,11,70.00,92.5,4.42,1512272279,755ED,20171203
000132,1,114.303633,22.694888,7,61.00,90.8,6.52,1512272284,755ED,20171203
000132,1,114.304342,22.69484,9,60.00,89.59,8.5,1512272294,755ED,20171203
000132,1,114.305199,22.694824,6,57.00,89.09,6.79,1512272304,755ED,20171203
000132,1,114.305449,22.69479,5,52.00,92.3,4.21,1512272309,755ED,20171203
000132,1,114.305593,22.694794,6,53.00,91.09,0.33,1512272319,755ED,20171203
000132,1,114.30561,22.6948,11,56.00,31.5,0.43,1512272329,755ED,20171203
000132,1,114.305639,22.694831,8,55.00,39.9,0.42,1512272334,755ED,20171203
000132,1,114.305728,22.69479,5,56.00,0,0.01,1512272344,755ED,20171203
000132,1,114.3059,22.694767,6,48.00,88.59,4.78,1512272354,755ED,20171203
000132,1,114.306087,22.694771,9,48.00,88.59,4.78,1512272358,755ED,20171203
000132,1,114.306562,22.694805,9,49.00,88.9,8.41,1512272364,755ED,20171203
000132,1,114.306976,22.69487,5,52.00,90.19,8.84,1512272369,755ED,20171203
000132,1,114.307497,22.694867,4,54.00,88.5,11.21,1512272374,755ED,20171203
000132,1,114.308684,22.694987,6,55.00,75.4,13.39,1512272384,755ED,20171203
000132,1,114.309732,22.695388,5,58.00,62.4,12.97,1512272393,755ED,20171203
000132,1,114.310336,22.69575,8,57.00,56,14.02,1512272398,755ED,20171203
000132,1,114.310827,22.696151,9,49.00,47.09,12.61,1512272403,755ED,20171203
000132,1,114.311314,22.69661,6,51.00,41,11.39,1512272409,755ED,20171203
000132,1,114.311601,22.697016,4,49.00,32,11.64,1512272414,755ED,20171203
000132,1,114.311869,22.697445,4,50.00,25.6,11.71,1512272419,755ED,20171203
000132,1,114.312225,22.698387,7,47.00,17.39,13.44,1512272428,755ED,20171203
000132,1,114.312395,22.698952,8,49.00,13.5,14.24,1512272433,755ED,20171203
000132,1,114.312546,22.699561,7,46.00,14.8,13.97,1512272438,755ED,20171203
000132,1,114.312774,22.700317,7,49.00,13.89,14.03,1512272444,755ED,20171203
000132,1,114.313019,22.701526,9,40.00,14.1,12.55,1512272454,755ED,20171203
000132,1,114.313333,22.702516,19,41.00,16.2,9.52,1512272464,755ED,20171203
000132,1,114.31342,22.702925,14,44.00,9.6,9.7,1512272470,755ED,20171203
000132,1,114.313641,22.704017,29,45.00,8.89,12.45,1512272481,755ED,20171203
000132,1,114.314004,22.705029,13,35.00,15.8,12.77,1512272489,755ED,20171203
000132,1,114.313912,22.705604,11,30.00,343.7,11.72,1512272494,755ED,20171203
000132,1,114.313575,22.70601,7,39.00,302.7,11.29,1512272499,755ED,20171203
000132,1,114.313132,22.706219,5,42.00,300.6,9.7,1512272504,755ED,20171203
000132,1,114.312245,22.706721,12,29.00,301.2,11.64,1512272514,755ED,20171203
000132,1,114.311786,22.707061,8,36.00,302.7,11.62,1512272519,755ED,20171203
000132,1,114.311205,22.70753,6,33.00,351.29,5.99,1512272529,755ED,20171203
000132,1,114.311361,22.707815,6,34.00,25.79,8.06,1512272534,755ED,20171203
000132,1,114.311546,22.708197,4,30.00,27.39,9.84,1512272539,755ED,20171203
000132,1,114.311933,22.708881,6,33.00,26.39,7.9,1512272548,755ED,20171203
000132,1,114.312198,22.709014,7,31.00,72.5,6.85,1512272553,755ED,20171203
000132,1,114.312807,22.7089,5,35.00,111.09,10.72,1512272559,755ED,20171203
000132,1,114.313312,22.70868,4,37.00,113.09,11.88,1512272564,755ED,20171203
000132,1,114.314366,22.708251,7,39.00,114.5,13.66,1512272573,755ED,20171203
000132,1,114.314882,22.708008,7,43.00,119.3,13.14,1512272578,755ED,20171203
000132,1,114.315423,22.707652,6,40.00,121.59,13.25,1512272583,755ED,20171203
000132,1,114.315986,22.707312,5,38.00,126,13.23,1512272588,755ED,20171203
000132,1,114.31644,22.706982,4,39.00,128.89,11.31,1512272593,755ED,20171203
000132,1,114.31666,22.706711,6,37.00,155.69,6.51,1512272598,755ED,20171203
000132,1,114.316706,22.706392,17,39.00,148,6.78,1512272604,755ED,20171203
000132,1,114.316955,22.706149,12,39.00,171.19,6.09,1512272609,755ED,20171203
000132,1,114.317121,22.705931,8,35.00,135.69,6.11,1512272614,755ED,20171203
000132,1,114.317363,22.705948,8,37.00,61.29,6.14,1512272619,755ED,20171203
000132,1,114.317899,22.706643,14,27.00,5.3,5.61,1512272635,755ED,20171203
000132,1,114.317592,22.706819,8,24.00,282.89,6.46,1512272642,755ED,20171203
000132,1,114.317298,22.706942,6,34.00,306,5.98,1512272647,755ED,20171203
000132,1,114.317052,22.7071,8,32.00,305.5,6.09,1512272652,755ED,20171203
000132,1,114.317131,22.707254,7,33.00,31.79,4.56,1512272657,755ED,20171203
000132,1,114.317443,22.707725,4,39.00,20,6.4,1512272667,755ED,20171203
000132,1,114.317588,22.708226,5,33.00,10.3,2.88,1512272678,755ED,20171203
000132,1,114.317425,22.708303,6,39.00,291,3.64,1512272687,755ED,20171203
000132,1,114.317226,22.708365,8,41.00,289.1,4.36,1512272692,755ED,20171203
000132,1,114.316658,22.708709,7,37.00,300,5.88,1512272702,755ED,20171203
000132,1,114.316341,22.708795,12,35.00,286.7,6.11,1512272707,755ED,20171203
000132,1,114.316274,22.708792,10,35.00,281.7,1.3,1512272712,755ED,20171203
000132,1,114.316134,22.708621,8,45.00,170.19,1.6,1512272722,755ED,20171203
000132,1,114.316166,22.708564,8,35.00,128.1,1.14,1512272727,755ED,20171203
000132,1,114.316253,22.708498,9,36.00,121.8,1.07,1512272732,755ED,20171203
000132,1,114.316226,22.708498,25,35.00,289.1,0.35,1512272744,755ED,20171203
000132,1,114.31622,22.708521,28,38.00,17.1,0.28,1512272754,755ED,20171203
000132,1,114.31613,22.708564,27,35.00,248.3,0.44,1512272763,755ED,20171203
000132,1,114.316284,22.708461,16,24.00,90.8,0.36,1512272773,755ED,20171203
000132,1,114.316269,22.708523,15,25.00,351.89,1.19,1512272783,755ED,20171203
000132,1,114.316297,22.708532,22,26.00,116.69,0.37,1512272793,755ED,20171203
000132,1,114.316205,22.708564,21,17.00,252.1,0.43,1512272798,755ED,20171203
000132,6,114.316326,22.709103,169,0.00,319,0.0,1512272871,755ED,20171203
000132,6,114.314866,22.708336,145,0.00,311,0.0,1512272939,755ED,20171203
000132,6,114.319625,22.711009,323,0.00,141,0.0,1512273254,755ED,20171203
000132,6,114.312845,22.709012,285,0.00,228,0.0,1512273774,755ED,20171203
000132,1,114.316527,22.708657,41,49.00,0,0.0,1512274050,755ED,20171203
000132,1,114.316484,22.708592,29,48.00,0,0.0,1512274059,755ED,20171203
000132,1,114.316599,22.708568,44,40.00,0,0.0,1512274072,755ED,20171203
000132,6,114.312845,22.709012,285,0.00,228,0.0,1512274074,755ED,20171203
000132,6,114.316683,22.708664,116,0.00,108,0.0,1512274075,755ED,20171203
000132,1,114.316757,22.708537,42,33.00,0,0.0,1512274090,755ED,20171203
000132,1,114.316744,22.70854,29,34.00,0,0.0,1512274099,755ED,20171203
000132,1,114.316628,22.708557,127,39.00,0,0.0,1512274180,755ED,20171203
000132,1,114.316627,22.708556,43,39.00,0,0.0,1512274196,755ED,20171203
000132,1,114.31663,22.708556,71,38.00,0,0.0,1512274219,755ED,20171203
000132,1,114.316482,22.708602,53,49.00,0,0.0,1512274246,755ED,20171203
000132,1,114.31647,22.708604,79,49.00,0,0.0,1512274300,755ED,20171203
000132,1,114.316456,22.708601,52,49.00,0,0.0,1512274323,755ED,20171203
000132,6,114.313674,22.708841,341,0.00,111,0.0,1512274425,755ED,20171203
000132,6,114.315761,22.708961,120,0.00,131,0.0,1512274484,755ED,20171203
000132,1,114.315868,22.709004,59,115.00,0,0.0,1512274690,755ED,20171203
000132,1,114.316239,22.708659,29,65.00,0,0.0,1512274705,755ED,20171203
000132,1,114.316321,22.70882,15,63.00,58.59,1.32,1512274723,755ED,20171203
000132,1,114.316361,22.708846,14,64.00,88.5,1.85,1512274725,755ED,20171203
000132,1,114.316375,22.708843,13,67.00,351,0.82,1512274730,755ED,20171203
000132,1,114.316339,22.708852,17,69.00,0.2,0.73,1512274735,755ED,20171203
000132,1,114.316422,22.708817,14,66.00,71.8,0.33,1512274740,755ED,20171203
000132,1,114.316295,22.708873,13,49.00,304,0.83,1512274751,755ED,20171203
000132,1,114.316233,22.708906,14,57.00,318.5,1.06,1512274760,755ED,20171203
000132,1,114.316215,22.708882,17,50.00,20.39,0.34,1512274770,755ED,20171203
000132,1,114.316244,22.708934,19,40.00,321.29,0.39,1512274775,755ED,20171203
000132,1,114.316264,22.708886,19,38.00,331.2,0.52,1512274780,755ED,20171203
000132,1,114.316247,22.708922,23,36.00,0,0.0,1512274786,755ED,20171203
000132,1,114.316248,22.708872,15,37.00,0,0.0,1512274791,755ED,20171203
000132,1,114.316274,22.708812,5,32.00,0,0.0,1512274800,755ED,20171203
000132,1,114.316297,22.7088,11,26.00,0,0.0,1512274811,755ED,20171203
000132,1,114.316325,22.708789,5,24.00,0,0.0,1512274819,755ED,20171203
000132,1,114.31632,22.708782,8,25.00,0,0.0,1512274824,755ED,20171203
000132,1,114.316329,22.708782,10,26.00,0,0.0,1512274830,755ED,20171203
000132,1,114.316338,22.708785,9,26.00,0,0.0,1512274835,755ED,20171203
000132,6,114.316799,22.708777,104,0.00,146,0.0,1512274991,755ED,20171203
000132,6,114.316799,22.708777,104,0.00,146,0.0,1512275307,755ED,20171203
000132,1,114.316467,22.708509,21,32.00,340.5,1.19,1512275314,755ED,20171203
000132,1,114.316456,22.708509,15,29.00,18.5,0.46,1512275316,755ED,20171203
000132,1,114.316509,22.708774,14,26.00,0,0.0,1512275322,755ED,20171203
000132,1,114.316512,22.708762,13,25.00,0,0.0,1512275331,755ED,20171203
000132,1,114.316509,22.708735,11,32.00,0,0.0,1512275336,755ED,20171203
000132,1,114.316497,22.708748,9,35.00,0,0.0,1512275341,755ED,20171203
000132,1,114.316519,22.708684,10,37.00,0,0.0,1512275352,755ED,20171203
000132,1,114.31651,22.708681,7,33.00,0,0.0,1512275360,755ED,20171203
000132,1,114.316521,22.708704,14,32.00,0,0.0,1512275367,755ED,20171203
000132,1,114.31653,22.708713,11,27.00,0,0.0,1512275376,755ED,20171203
000132,1,114.316533,22.70872,13,26.00,0,0.0,1512275381,755ED,20171203
000132,1,114.316534,22.708724,12,25.00,0,0.0,1512275386,755ED,20171203
000132,1,114.316541,22.708725,12,25.00,0,0.0,1512275391,755ED,20171203
000132,6,114.316799,22.708777,104,0.00,146,0.0,1512275608,755ED,20171203
000132,6,114.316683,22.708664,116,0.00,0,0.0,1512275619,755ED,20171203
000132,1,114.316884,22.70854,16,75.00,0,0.0,1512276050,755ED,20171203
000132,1,114.316852,22.708554,9,73.00,0,0.0,1512276068,755ED,20171203
000132,1,114.316832,22.70856,6,70.00,0,0.0,1512276079,755ED,20171203
000132,1,114.316841,22.708559,36,72.00,0,0.0,1512276119,755ED,20171203
000132,1,114.316844,22.708557,23,71.00,0,0.0,1512276138,755ED,20171203
000132,1,114.31686,22.70855,28,75.00,0,0.0,1512276149,755ED,20171203
000132,1,114.316851,22.708559,11,73.00,0,0.0,1512276166,755ED,20171203
000132,1,114.316853,22.708564,7,73.00,0,0.0,1512276177,755ED,20171203
000132,1,114.316731,22.708598,14,70.00,0,0.0,1512276254,755ED,20171203
000132,1,114.316726,22.708588,11,53.00,0,0.0,1512276273,755ED,20171203
000132,6,114.316683,22.708664,116,0.00,138,0.0,1512276547,755ED,20171203
000132,6,114.316683,22.708664,116,0.00,138,0.0,1512276865,755ED,20171203
000132,1,114.317637,22.708161,10,59.00,155.8,2.38,1512276869,755ED,20171203
000132,1,114.317616,22.708081,5,54.00,180.19,2.63,1512276871,755ED,20171203
000132,1,114.317469,22.707799,4,47.00,203.89,3.02,1512276881,755ED,20171203
000132,1,114.31741,22.707674,3,49.00,198.39,3.29,1512276886,755ED,20171203
000132,1,114.317256,22.70749,5,55.00,210.8,2.89,1512276896,755ED,20171203
000132,1,114.317211,22.707368,5,58.00,215.5,2.93,1512276901,755ED,20171203
000132,1,114.317104,22.707261,3,55.00,219.39,2.41,1512276906,755ED,20171203
000132,1,114.316981,22.707139,5,58.00,0,0.0,1512276916,755ED,20171203
000132,1,114.317026,22.707145,4,51.00,0,0.0,1512276926,755ED,20171203
000132,1,114.31708,22.707065,4,51.00,118.9,3.1,1512276935,755ED,20171203
000132,1,114.317256,22.706951,4,50.00,126.3,4.66,1512276940,755ED,20171203
000132,1,114.317488,22.706805,4,48.00,118.59,5.61,1512276945,755ED,20171203
000132,1,114.317794,22.706725,7,51.00,103.8,6.09,1512276950,755ED,20171203
000132,1,114.317503,22.706049,15,50.00,223.5,6.91,1512276966,755ED,20171203
000132,1,114.317111,22.705966,3,49.00,302.1,5.4,1512276972,755ED,20171203
000132,1,114.317068,22.706199,5,47.00,358.2,5.87,1512276977,755ED,20171203
000132,1,114.316965,22.706395,5,35.00,313.89,6.5,1512276982,755ED,20171203
000132,1,114.316767,22.706535,6,36.00,337.1,3.41,1512276987,755ED,20171203
000132,1,114.317165,22.706523,5,43.00,123.3,7.57,1512276997,755ED,20171203
000132,1,114.317945,22.705908,5,37.00,126.4,10.47,1512277007,755ED,20171203
000132,1,114.318356,22.705718,7,36.00,128.8,8.84,1512277012,755ED,20171203
000132,1,114.318693,22.70548,6,34.00,128,7.8,1512277017,755ED,20171203
000132,1,114.318944,22.705282,5,34.00,128,7.31,1512277022,755ED,20171203
000132,1,114.319233,22.705185,7,33.00,128.89,6.9,1512277027,755ED,20171203
000132,1,114.319514,22.704872,10,33.00,127.4,6.7,1512277033,755ED,20171203
000132,1,114.319805,22.70472,6,40.00,124.59,7.05,1512277038,755ED,20171203
000132,1,114.320083,22.704508,5,45.00,125.8,6.62,1512277043,755ED,20171203
000132,1,114.320303,22.704363,3,44.00,126.59,4.99,1512277048,755ED,20171203
000132,1,114.320529,22.704282,4,49.00,125.19,4.36,1512277053,755ED,20171203
000132,1,114.320584,22.704224,8,43.00,0,0.0,1512277062,755ED,20171203
000132,1,114.32057,22.70424,7,39.00,0,0.0,1512277068,755ED,20171203
000132,1,114.320588,22.704313,7,45.00,7.69,3.23,1512277078,755ED,20171203
000132,1,114.320444,22.704545,5,42.00,311.6,6.68,1512277083,755ED,20171203
000132,1,114.319701,22.705108,4,48.00,310.89,10.19,1512277092,755ED,20171203
000132,1,114.319262,22.705504,4,51.00,316.89,13.6,1512277097,755ED,20171203
000132,1,114.318932,22.705998,5,52.00,335.1,12.56,1512277102,755ED,20171203
000132,1,114.319301,22.706976,5,61.00,53.29,12.76,1512277112,755ED,20171203
000132,1,114.31997,22.707152,7,62.00,77.3,13.93,1512277117,755ED,20171203
000132,1,114.321544,22.707571,7,63.00,74.09,15.03,1512277128,755ED,20171203
000132,1,114.323073,22.708047,4,54.00,72.8,17.05,1512277138,755ED,20171203
000132,1,114.324467,22.708474,7,52.00,74.9,15.29,1512277147,755ED,20171203
000132,1,114.325276,22.70865,5,53.00,77.09,14.61,1512277153,755ED,20171203
000132,1,114.326669,22.708923,4,51.00,77.69,14.61,1512277163,755ED,20171203
000132,1,114.327398,22.709106,4,52.00,77.5,15.03,1512277168,755ED,20171203
000132,1,114.328164,22.709265,5,50.00,76.19,16.0,1512277173,755ED,20171203
000132,1,114.328895,22.709434,4,50.00,75.3,14.85,1512277178,755ED,20171203
000132,1,114.330181,22.709831,4,50.00,70.69,14.35,1512277188,755ED,20171203
000132,1,114.331584,22.710278,3,56.00,69.8,14.98,1512277198,755ED,20171203
000132,1,114.332999,22.710674,7,55.00,78.69,15.15,1512277208,755ED,20171203
000132,1,114.333812,22.710733,3,58.00,84.09,16.37,1512277213,755ED,20171203
000132,1,114.335503,22.710636,3,64.00,98.59,17.56,1512277223,755ED,20171203
000132,1,114.337205,22.710194,4,60.00,111.5,18.41,1512277233,755ED,20171203
000132,1,114.338082,22.709823,7,62.00,116.09,19.48,1512277238,755ED,20171203
000132,1,114.338856,22.709388,5,63.00,116.3,19.65,1512277243,755ED,20171203
000132,1,114.339729,22.709116,4,57.00,107.9,19.54,1512277248,755ED,20171203
000132,1,114.341401,22.708886,5,60.00,91.59,19.58,1512277257,755ED,20171203
000132,1,114.343358,22.709219,6,58.00,74,20.78,1512277267,755ED,20171203
000132,1,114.344544,22.709618,9,56.00,67.59,21.64,1512277273,755ED,20171203
000132,1,114.345412,22.709971,7,50.00,65,20.91,1512277278,755ED,20171203
000132,1,114.346351,22.710433,4,49.00,61.79,21.37,1512277283,755ED,20171203
000132,1,114.34798,22.711354,6,52.00,58,21.35,1512277292,755ED,20171203
000132,1,114.348767,22.711925,4,57.00,53.09,20.02,1512277297,755ED,20171203
000132,1,114.349478,22.712443,4,67.00,51.7,19.62,1512277302,755ED,20171203
000132,1,114.350254,22.713044,5,72.00,51.29,20.41,1512277307,755ED,20171203
000132,1,114.351007,22.713658,4,71.00,51.4,20.34,1512277312,755ED,20171203
000132,1,114.352459,22.714691,9,68.00,50.9,18.19,1512277322,755ED,20171203
000132,1,114.353246,22.715306,8,65.00,50.9,16.65,1512277328,755ED,20171203
000132,1,114.353849,22.715764,4,58.00,51.2,16.19,1512277333,755ED,20171203
000132,1,114.354926,22.7165,5,58.00,51.9,8.85,1512277343,755ED,20171203
000132,1,114.355176,22.716631,3,56.00,56.09,5.08,1512277348,755ED,20171203
000132,1,114.355154,22.716694,6,49.00,0,0.0,1512277358,755ED,20171203
000132,1,114.355179,22.716706,9,53.00,0,0.0,1512277369,755ED,20171203
000132,1,114.355207,22.716711,10,59.00,0,0.0,1512277379,755ED,20171203
000132,1,114.35521,22.716715,7,59.00,0,0.0,1512277387,755ED,20171203
000132,1,114.355222,22.716712,11,61.00,0,0.0,1512277394,755ED,20171203
000132,1,114.355234,22.716706,8,60.00,0,0.0,1512277402,755ED,20171203
000132,1,114.355261,22.716698,9,63.00,0,0.0,1512277408,755ED,20171203
000132,1,114.355273,22.716698,9,62.00,0,0.0,1512277418,755ED,20171203
000132,1,114.355832,22.71713,9,55.00,53.79,8.07,1512277428,755ED,20171203
000132,1,114.356178,22.717401,5,51.00,52.4,9.2,1512277433,755ED,20171203
000132,1,114.356576,22.717654,4,51.00,52.4,10.23,1512277438,755ED,20171203
000132,1,114.356964,22.717937,3,54.00,52.2,10.46,1512277443,755ED,20171203
000132,1,114.357845,22.718595,5,64.00,50.09,12.39,1512277453,755ED,20171203
000132,1,114.358444,22.718994,5,53.00,54.7,13.71,1512277458,755ED,20171203
000132,1,114.359458,22.719752,5,52.00,51.4,12.1,1512277468,755ED,20171203
000132,1,114.36036,22.720346,6,43.00,51.09,11.35,1512277478,755ED,20171203
000132,1,114.361306,22.721022,5,25.00,53.29,10.86,1512277488,755ED,20171203
000132,1,114.361694,22.721372,7,16.00,44.79,10.97,1512277493,755ED,20171203
000132,1,114.362111,22.721694,8,20.00,52.9,10.22,1512277498,755ED,20171203
000132,1,114.362484,22.721969,5,35.00,52.4,10.78,1512277503,755ED,20171203
000132,1,114.363366,22.722619,4,38.00,50.5,11.42,1512277513,755ED,20171203
000132,1,114.364293,22.723288,5,37.00,53.2,11.51,1512277523,755ED,20171203
000132,1,114.365051,22.723856,5,34.00,53.79,10.03,1512277533,755ED,20171203
000132,1,114.365472,22.724144,3,41.00,51.2,10.76,1512277538,755ED,20171203
000132,1,114.366418,22.724903,7,33.00,52.09,12.4,1512277549,755ED,20171203
000132,1,114.367239,22.725458,9,38.00,52.5,12.94,1512277557,755ED,20171203
000132,1,114.367915,22.725814,5,40.00,64.4,13.06,1512277563,755ED,20171203
000132,1,114.369041,22.726222,5,38.00,70.09,13.77,1512277572,755ED,20171203
000132,1,114.369901,22.726338,4,37.00,76.19,13.68,1512277578,755ED,20171203
000132,1,114.370489,22.726566,5,32.00,68.3,13.59,1512277583,755ED,20171203
000132,1,114.371087,22.726713,5,32.00,71.5,12.9,1512277588,755ED,20171203
000132,1,114.371612,22.727166,6,30.00,52,13.45,1512277593,755ED,20171203
000132,1,114.372555,22.728045,4,35.00,41.29,13.29,1512277603,755ED,20171203
000132,1,114.372958,22.728536,5,44.00,34.29,13.24,1512277608,755ED,20171203
000132,1,114.373681,22.729509,7,37.00,34.59,12.24,1512277618,755ED,20171203
000132,1,114.373956,22.729969,7,43.00,41.29,10.47,1512277623,755ED,20171203
000132,1,114.374249,22.730228,7,45.00,44,7.08,1512277628,755ED,20171203
000132,1,114.374793,22.730658,7,45.00,53.2,9.27,1512277638,755ED,20171203
000132,1,114.375228,22.730935,9,44.00,56.09,10.43,1512277643,755ED,20171203
000132,1,114.375733,22.731259,6,49.00,55.2,12.21,1512277648,755ED,20171203
000132,1,114.376255,22.731599,5,45.00,58.2,13.32,1512277653,755ED,20171203
000132,1,114.376766,22.731906,4,46.00,56.9,14.04,1512277658,755ED,20171203
000132,1,114.377313,22.732269,5,48.00,56.5,14.06,1512277663,755ED,20171203
000132,1,114.377988,22.732612,4,44.00,57.29,14.44,1512277668,755ED,20171203
000132,1,114.378614,22.732993,4,38.00,58.59,14.16,1512277673,755ED,20171203
000132,1,114.379127,22.733333,6,33.00,57.29,12.9,1512277678,755ED,20171203
000132,1,114.379688,22.733548,11,51.00,57.29,12.45,1512277683,755ED,20171203
000132,1,114.380168,22.733859,14,30.00,56,11.77,1512277688,755ED,20171203
000132,1,114.380562,22.734154,13,30.00,57.4,9.56,1512277693,755ED,20171203
000132,1,114.380953,22.734426,9,26.00,54.4,10.29,1512277698,755ED,20171203
000132,1,114.38144,22.734726,8,21.00,55.9,12.38,1512277703,755ED,20171203
000132,1,114.382007,22.73505,7,21.00,57,12.69,1512277708,755ED,20171203
000132,1,114.382406,22.735317,7,27.00,60.09,7.59,1512277713,755ED,20171203
000132,1,114.382707,22.735485,6,34.00,55.09,5.6,1512277718,755ED,20171203
000132,1,114.383003,22.735634,7,56.00,55.29,5.87,1512277723,755ED,20171203
000132,1,114.383383,22.735919,5,52.00,60.5,3.32,1512277733,755ED,20171203
000132,1,114.383434,22.735951,4,52.00,40.5,0.98,1512277738,755ED,20171203
000132,1,114.383457,22.735961,3,52.00,0,0.0,1512277743,755ED,20171203
000132,1,114.38346,22.735946,5,53.00,0,0.0,1512277753,755ED,20171203
000132,1,114.383454,22.735959,9,50.00,0,0.0,1512277764,755ED,20171203
000132,1,114.383451,22.73596,10,50.00,0,0.0,1512277774,755ED,20171203
000132,1,114.383448,22.735964,6,50.00,0,0.0,1512277782,755ED,20171203
000132,1,114.383446,22.735968,9,50.00,0,0.0,1512277789,755ED,20171203
000132,1,114.383462,22.735968,10,50.00,0,0.0,1512277799,755ED,20171203
000132,1,114.38346,22.735969,8,49.00,0,0.0,1512277807,755ED,20171203
000132,1,114.383694,22.736213,4,21.00,3,6.29,1512277814,755ED,20171203
000132,1,114.383704,22.736383,9,21.00,3,6.28,1512277817,755ED,20171203
000132,1,114.383726,22.737112,8,39.00,354.29,9.94,1512277823,755ED,20171203
000132,1,114.383603,22.737541,7,40.00,348.29,9.06,1512277828,755ED,20171203
000132,1,114.383524,22.737959,7,45.00,347.79,10.39,1512277833,755ED,20171203
000132,1,114.38345,22.738385,8,66.00,347.79,10.09,1512277838,755ED,20171203
000132,1,114.383507,22.738896,7,58.00,355,10.24,1512277843,755ED,20171203
000132,1,114.383543,22.73942,6,60.00,357.1,11.84,1512277848,755ED,20171203
000132,1,114.38335,22.74047,5,61.00,356.1,12.17,1512277858,755ED,20171203
000132,1,114.383311,22.741015,5,66.00,350.79,10.8,1512277863,755ED,20171203
000132,1,114.383291,22.74207,7,51.00,356.29,11.56,1512277873,755ED,20171203
000132,1,114.383194,22.743064,6,52.00,354,11.1,1512277883,755ED,20171203
000132,1,114.383173,22.743553,8,56.00,355.29,11.42,1512277888,755ED,20171203
000132,1,114.383206,22.744044,8,51.00,358.79,9.65,1512277893,755ED,20171203
000132,1,114.383097,22.744305,9,45.00,312.5,4.66,1512277898,755ED,20171203
000132,1,114.382812,22.744273,7,37.00,263.39,8.17,1512277903,755ED,20171203
000132,1,114.382379,22.744193,9,40.00,265.79,10.03,1512277908,755ED,20171203
000132,1,114.381966,22.744141,7,32.00,262.39,5.02,1512277913,755ED,20171203
000132,1,114.381896,22.744021,7,37.00,184.5,3.93,1512277918,755ED,20171203
000132,1,114.381926,22.74398,8,35.00,102.9,2.99,1512277923,755ED,20171203
000132,1,114.382155,22.743963,11,33.00,98.5,5.27,1512277928,755ED,20171203
000132,1,114.382362,22.743903,13,35.00,122.19,3.73,1512277933,755ED,20171203
000132,1,114.382427,22.74372,13,31.00,163.5,2.71,1512277938,755ED,20171203
000132,1,114.382524,22.743712,13,35.00,59.5,0.6,1512277943,755ED,20171203
000132,1,114.382525,22.743714,10,41.00,259.29,0.33,1512277948,755ED,20171203
000132,1,114.382489,22.743769,12,40.00,0,0.07,1512277953,755ED,20171203
000132,1,114.382427,22.743706,14,47.00,0,0.0,1512277958,755ED,20171203
000132,1,114.38238,22.74371,9,52.00,0,0.0,1512277963,755ED,20171203
000132,1,114.382381,22.743716,17,53.00,0,0.0,1512277974,755ED,20171203
000132,1,114.382994,22.743201,188,289.00,229.3,6.67,1512278398,755ED,20171203
000132,1,114.383465,22.743793,83,112.00,74.8,1.08,1512278436,755ED,20171203
000132,1,114.383729,22.743915,47,92.00,56.29,0.55,1512278442,755ED,20171203
000132,1,114.383786,22.74395,39,89.00,13.6,0.84,1512278447,755ED,20171203
000132,1,114.383277,22.743885,87,100.00,305.5,0.25,1512278482,755ED,20171203
000132,6,114.316683,22.708664,116,0.00,138,0.0,1512278998,755ED,20171203
000132,6,114.383083,22.744538,111,0.00,0,0.0,1512278999,755ED,20171203
000132,6,114.383124,22.744061,166,0.00,19,0.0,1512279162,755ED,20171203
000132,1,114.38225,22.743773,46,46.00,123.69,0.28,1512279172,755ED,20171203
000132,1,114.382258,22.743728,40,44.00,167.69,0.85,1512279177,755ED,20171203
000132,1,114.382264,22.743642,60,86.00,40.09,1.69,1512279199,755ED,20171203
000132,1,114.382152,22.743546,28,94.00,229.1,0.35,1512279207,755ED,20171203
000132,1,114.38212,22.74355,38,91.00,153.1,0.68,1512279213,755ED,20171203
000132,1,114.38213,22.743523,47,90.00,157.69,0.46,1512279219,755ED,20171203
000132,1,114.382031,22.743635,63,98.00,6.3,0.73,1512279246,755ED,20171203
000132,1,114.382241,22.743613,49,94.00,107.8,0.4,1512279258,755ED,20171203
000132,1,114.382338,22.7437,23,79.00,15.6,0.27,1512279266,755ED,20171203
000132,1,114.382327,22.743703,27,79.00,267.29,0.32,1512279271,755ED,20171203
000132,1,114.38236,22.74367,43,88.00,165.69,0.56,1512279278,755ED,20171203
000132,1,114.382276,22.743751,25,99.00,309.5,1.01,1512279287,755ED,20171203
000132,1,114.382494,22.743586,20,91.00,135.3,1.33,1512279292,755ED,20171203
000132,1,114.38235,22.743616,23,89.00,328.2,0.72,1512279301,755ED,20171203
000132,1,114.382332,22.743623,21,89.00,284.7,0.34,1512279306,755ED,20171203
000132,1,114.382341,22.74362,21,89.00,0,0.03,1512279311,755ED,20171203
000132,1,114.382435,22.743601,18,89.00,76.69,1.06,1512279316,755ED,20171203
000132,1,114.382482,22.743612,28,89.00,0,0.0,1512279321,755ED,20171203
000132,1,114.382611,22.74364,30,114.00,60.09,0.46,1512279327,755ED,20171203
000132,1,114.382402,22.743638,28,113.00,293.6,1.04,1512279332,755ED,20171203
000132,1,114.382612,22.743709,37,111.00,57.09,1.13,1512279342,755ED,20171203
000132,1,114.382375,22.743857,17,103.00,307.5,0.7,1512279350,755ED,20171203
000132,1,114.382413,22.743877,18,104.00,354.6,1.17,1512279355,755ED,20171203
000132,1,114.382297,22.743786,17,81.00,178.19,0.3,1512279360,755ED,20171203
000132,1,114.382253,22.743722,19,84.00,193.1,0.53,1512279366,755ED,20171203
000132,1,114.382221,22.743703,18,83.00,0,0.09,1512279375,755ED,20171203
000132,1,114.382214,22.743719,19,82.00,339.1,0.52,1512279380,755ED,20171203
000132,1,114.382176,22.743727,19,82.00,278.2,0.85,1512279385,755ED,20171203
000132,1,114.382203,22.743642,10,80.00,0,0.0,1512279390,755ED,20171203
000132,1,114.382158,22.743641,11,76.00,0,0.0,1512279395,755ED,20171203
000132,1,114.382161,22.743633,10,78.00,0,0.0,1512279400,755ED,20171203
000132,1,114.382186,22.743627,18,76.00,0,0.0,1512279411,755ED,20171203
000132,1,114.382184,22.743635,18,74.00,0,0.0,1512279420,755ED,20171203
000132,1,114.382193,22.743628,31,72.00,0,0.0,1512279427,755ED,20171203
000132,1,114.382191,22.743629,18,72.00,0,0.0,1512279436,755ED,20171203
000132,1,114.382188,22.743629,23,72.00,0,0.0,1512279446,755ED,20171203
000132,1,114.382168,22.743722,22,73.00,347,5.24,1512279456,755ED,20171203
000132,1,114.38214,22.743944,19,74.00,0.8,6.08,1512279461,755ED,20171203
000132,1,114.382087,22.744264,19,72.00,30.39,2.01,1512279471,755ED,20171203
000132,1,114.382558,22.744323,35,73.00,85.4,5.01,1512279482,755ED,20171203
000132,1,114.382783,22.744189,24,53.00,96.19,1.93,1512279491,755ED,20171203
000132,1,114.382818,22.744205,15,48.00,0,0.0,1512279496,755ED,20171203
000132,1,114.382808,22.74421,17,47.00,0,0.0,1512279505,755ED,20171203
000132,1,114.382787,22.744198,10,45.00,0,0.0,1512279515,755ED,20171203
000132,1,114.382791,22.744197,42,46.00,0,0.0,1512279523,755ED,20171203
000132,1,114.383114,22.744408,13,56.00,78.8,3.9,1512279530,755ED,20171203
000132,1,114.383396,22.744443,14,55.00,81.3,4.52,1512279535,755ED,20171203
000132,1,114.383752,22.74454,17,55.00,78,7.19,1512279540,755ED,20171203
000132,1,114.384398,22.744513,18,55.00,86.3,7.4,1512279546,755ED,20171203
000132,1,114.385643,22.744774,42,54.00,73.3,8.64,1512279561,755ED,20171203
000132,1,114.385676,22.744791,20,71.00,59.7,2.98,1512279569,755ED,20171203
000132,6,114.385253,22.744402,128,0.00,353,0.0,1512279572,755ED,20171203
000132,1,114.385639,22.745016,39,68.00,354.1,4.62,1512279575,755ED,20171203
000132,1,114.385636,22.745403,49,64.00,357.2,4.82,1512279581,755ED,20171203
000132,1,114.385113,22.746214,43,55.00,355,7.11,1512279597,755ED,20171203
000132,1,114.38514,22.746617,35,58.00,338.79,3.33,1512279606,755ED,20171203
000132,1,114.385186,22.746725,29,61.00,13.8,2.18,1512279611,755ED,20171203
000132,1,114.386053,22.746871,44,62.00,86.19,4.13,1512279629,755ED,20171203
000132,1,114.386362,22.747006,37,60.00,71.09,3.88,1512279638,755ED,20171203
000132,1,114.386941,22.746952,49,59.00,88.59,6.38,1512279647,755ED,20171203
000132,1,114.38714,22.747039,34,60.00,64,3.61,1512279652,755ED,20171203
000132,1,114.386995,22.747237,25,103.00,27.29,0.52,1512279660,755ED,20171203
000132,1,114.386845,22.746974,14,100.00,114.8,0.93,1512279669,755ED,20171203
000132,1,114.387039,22.746942,14,96.00,102.69,1.97,1512279674,755ED,20171203
000132,1,114.387033,22.747049,89,17.00,350,0.79,1512279781,755ED,20171203
000132,6,114.383082,22.745984,100,0.00,182,0.0,1512279787,755ED,20171203
000132,1,114.387034,22.746959,12,69.00,0,0.01,1512279788,755ED,20171203
000132,1,114.387018,22.746933,26,69.00,210.89,0.44,1512279795,755ED,20171203
000132,1,114.38728,22.746846,38,57.00,0,0.0,1512279814,755ED,20171203
000132,1,114.387164,22.746836,14,84.00,0,0.0,1512279821,755ED,20171203
000132,1,114.38718,22.746847,43,84.00,0,0.0,1512279862,755ED,20171203
000132,1,114.387081,22.746885,13,90.00,0,0.0,1512279869,755ED,20171203
000132,1,114.387079,22.746887,76,90.00,0,0.0,1512279928,755ED,20171203
000132,1,114.38708,22.746889,14,89.00,0,0.0,1512279935,755ED,20171203
000132,1,114.387082,22.74689,15,89.00,0,0.0,1512279957,755ED,20171203
000132,1,114.387081,22.746895,39,90.00,0,0.0,1512279972,755ED,20171203
000132,1,114.387077,22.746913,25,86.00,0,0.0,1512279982,755ED,20171203
000132,1,114.387069,22.74691,37,91.00,0,0.0,1512279993,755ED,20171203
000132,1,114.387069,22.746918,36,89.00,0,0.0,1512280007,755ED,20171203
000132,6,114.387365,22.746228,206,0.00,232,0.0,1512280018,755ED,20171203
000132,1,114.387079,22.746924,38,88.00,0,0.0,1512280023,755ED,20171203
000132,1,114.387043,22.746934,55,86.00,0,0.0,1512280052,755ED,20171203
000132,1,114.386979,22.746952,53,82.00,0,0.0,1512280074,755ED,20171203
000132,1,114.386675,22.746424,29,38.00,205.69,3.62,1512280088,755ED,20171203
000132,1,114.385842,22.746342,19,72.00,179.1,6.05,1512280091,755ED,20171203
000132,1,114.385787,22.746139,23,73.00,181.1,6.41,1512280096,755ED,20171203
000132,1,114.385431,22.744831,49,81.00,185.6,8.25,1512280112,755ED,20171203
000132,1,114.385424,22.744505,44,80.00,179.69,7.91,1512280117,755ED,20171203
000132,1,114.384863,22.744315,37,50.00,264.39,8.22,1512280128,755ED,20171203
000132,1,114.384422,22.744358,37,49.00,273.2,9.08,1512280133,755ED,20171203
000132,1,114.383794,22.744277,27,47.00,271.29,7.46,1512280141,755ED,20171203
000132,1,114.383504,22.744239,27,48.00,261.1,4.72,1512280147,755ED,20171203
000132,1,114.383412,22.744232,19,49.00,202.39,0.54,1512280156,755ED,20171203
000132,1,114.38327,22.744134,28,51.00,259.6,2.86,1512280166,755ED,20171203
000132,1,114.383101,22.744092,23,52.00,266.1,4.4,1512280171,755ED,20171203
000132,1,114.382435,22.74409,15,53.00,274.29,9.14,1512280180,755ED,20171203
000132,1,114.38189,22.743977,19,54.00,220.19,2.67,1512280190,755ED,20171203
000132,1,114.381866,22.743863,28,55.00,145.19,3.7,1512280196,755ED,20171203
000132,1,114.38223,22.743665,57,51.00,175.5,1.41,1512280214,755ED,20171203
000132,1,114.382256,22.743726,19,62.00,0,0.0,1512280222,755ED,20171203
000132,1,114.382311,22.74374,36,64.00,0,0.0,1512280245,755ED,20171203
000132,6,114.382431,22.745011,159,0.00,34,0.0,1512280256,755ED,20171203
000132,1,114.382335,22.74374,212,66.00,0,0.0,1512280474,755ED,20171203
000132,1,114.382338,22.743742,205,66.00,0,0.0,1512280581,755ED,20171203
000132,1,114.382342,22.743745,90,66.00,0,0.0,1512280632,755ED,20171203
000132,1,114.382353,22.743741,87,67.00,0,0.0,1512280665,755ED,20171203
000132,1,114.382353,22.743756,24,65.00,0,0.0,1512280799,755ED,20171203
000132,1,114.382363,22.743764,24,66.00,0,0.0,1512280813,755ED,20171203
000132,1,114.382352,22.743806,16,68.00,0,0.0,1512280832,755ED,20171203
000132,1,114.38235,22.743806,117,69.00,0,0.0,1512280895,755ED,20171203
000132,1,114.382348,22.743806,68,68.00,0,0.0,1512280921,755ED,20171203
000132,1,114.382356,22.743808,25,68.00,0,0.0,1512281081,755ED,20171203
000132,1,114.382359,22.743803,17,71.00,0,0.0,1512281094,755ED,20171203
000132,1,114.382353,22.743806,26,70.00,0,0.0,1512281105,755ED,20171203
000132,1,114.382367,22.743795,30,72.00,0,0.0,1512281116,755ED,20171203
000132,1,114.38238,22.743778,37,74.00,0,0.0,1512281136,755ED,20171203
000132,1,114.382381,22.74376,15,76.00,0,0.0,1512281154,755ED,20171203
000132,1,114.382382,22.743764,36,75.00,0,0.0,1512281166,755ED,20171203
000132,1,114.382383,22.743761,18,76.00,0,0.0,1512281185,755ED,20171203
000132,1,114.382373,22.743762,19,75.00,0,0.0,1512281204,755ED,20171203
000132,1,114.382382,22.743766,24,76.00,0,0.0,1512281215,755ED,20171203
000132,1,114.38238,22.743766,17,74.00,0,0.0,1512281234,755ED,20171203
000132,1,114.382377,22.743762,17,72.00,0,0.0,1512281244,755ED,20171203
000132,1,114.382373,22.743752,9,69.00,0,0.0,1512281254,755ED,20171203
000132,1,114.382364,22.74375,16,68.00,0,0.0,1512281264,755ED,20171203
000132,1,114.382363,22.743756,20,68.00,0,0.0,1512281275,755ED,20171203
000132,1,114.382368,22.74375,29,68.00,0,0.0,1512281296,755ED,20171203
000132,1,114.382369,22.743749,37,68.00,0,0.0,1512281308,755ED,20171203
000132,1,114.381878,22.743569,16,61.00,271.39,4.08,1512281324,755ED,20171203
000132,1,114.381829,22.743543,12,64.00,286.2,2.89,1512281326,755ED,20171203
000132,1,114.381788,22.743628,13,64.00,349.5,3.01,1512281331,755ED,20171203
000132,1,114.38174,22.743807,10,59.00,351.89,4.8,1512281336,755ED,20171203
000132,1,114.381714,22.743958,9,58.00,0.69,3.63,1512281341,755ED,20171203
000132,1,114.381741,22.744094,15,56.00,5.19,2.86,1512281346,755ED,20171203
000132,1,114.381799,22.744209,18,61.00,50.2,2.31,1512281351,755ED,20171203
000132,1,114.381991,22.744275,15,63.00,85.9,4.76,1512281356,755ED,20171203
000132,1,114.382309,22.744192,13,51.00,88.09,6.08,1512281361,755ED,20171203
000132,1,114.382609,22.744213,10,44.00,87.9,5.06,1512281366,755ED,20171203
000132,1,114.382891,22.744223,8,50.00,80.9,4.61,1512281371,755ED,20171203
000132,1,114.383172,22.744265,9,50.00,77.19,5.98,1512281376,755ED,20171203
000132,1,114.383483,22.744248,9,48.00,89.8,7.13,1512281381,755ED,20171203
000132,1,114.383845,22.744249,11,50.00,86,7.13,1512281386,755ED,20171203
000132,1,114.384154,22.744278,8,48.00,88,5.04,1512281391,755ED,20171203
000132,1,114.384403,22.744338,6,43.00,75.9,5.82,1512281396,755ED,20171203
000132,1,114.384713,22.744326,11,44.00,100.09,6.92,1512281401,755ED,20171203
000132,1,114.385112,22.744315,12,40.00,89.3,7.34,1512281406,755ED,20171203
000132,1,114.385363,22.744359,6,42.00,86.3,4.54,1512281411,755ED,20171203
000132,1,114.385406,22.74482,8,40.00,352.2,7.08,1512281421,755ED,20171203
000132,1,114.385407,22.745458,19,43.00,346.39,6.37,1512281431,755ED,20171203
000132,6,114.385596,22.744547,145,0.00,93,0.0,1512281433,755ED,20171203
000132,1,114.385323,22.74583,14,49.00,354.89,6.33,1512281436,755ED,20171203
000132,1,114.385251,22.746089,10,49.00,354.6,6.09,1512281441,755ED,20171203
000132,1,114.385193,22.746585,7,57.00,5.19,4.05,1512281451,755ED,20171203
000132,1,114.385339,22.746719,8,50.00,82.9,3.61,1512281456,755ED,20171203
000132,1,114.385618,22.74668,7,46.00,79.9,6.36,1512281461,755ED,20171203
000132,1,114.385948,22.74673,8,44.00,82.19,6.29,1512281466,755ED,20171203
000132,1,114.386469,22.746739,9,49.00,79.09,4.65,1512281476,755ED,20171203
000132,1,114.386583,22.746766,8,54.00,85.5,3.59,1512281481,755ED,20171203
000132,1,114.387026,22.746829,7,55.00,85.5,4.26,1512281491,755ED,20171203
000132,1,114.387146,22.746736,9,70.00,94.69,1.9,1512281496,755ED,20171203
000132,1,114.387236,22.746775,8,58.00,355.79,0.5,1512281506,755ED,20171203
000132,1,114.387202,22.746818,6,53.00,296.1,1.04,1512281516,755ED,20171203
000132,6,114.387,22.746896,114,0.00,5,0.0,1512281731,755ED,20171203
000132,6,114.387,22.746896,114,0.00,5,0.0,1512282034,755ED,20171203
000132,6,114.387331,22.746694,169,0.00,6,0.0,1512282035,755ED,20171203
000132,6,114.387331,22.746694,169,0.00,7,0.0,1512282335,755ED,20171203
000132,6,114.387331,22.746694,169,0.00,7,0.0,1512282637,755ED,20171203
000132,6,114.387331,22.746694,169,0.00,0,0.0,1512282639,755ED,20171203
000132,6,114.387331,22.746694,169,0.00,10,0.0,1512282939,755ED,20171203
000132,6,114.387331,22.746694,169,0.00,10,0.0,1512283239,755ED,20171203
000132,6,114.388202,22.746865,452,0.00,356,0.0,1512283240,755ED,20171203
000132,6,114.387331,22.746694,169,0.00,23,0.0,1512283436,755ED,20171203
000132,6,114.387488,22.746541,134,0.00,6,0.0,1512283499,755ED,20171203
000132,1,114.387119,22.747536,55,54.00,0,0.0,1512283633,755ED,20171203
000132,6,114.387488,22.746541,134,0.00,76,0.0,1512283637,755ED,20171203
000132,1,114.387117,22.747219,48,55.00,0,0.0,1512283646,755ED,20171203
000132,1,114.387109,22.747253,49,55.00,0,0.0,1512283658,755ED,20171203
000132,1,114.387182,22.747062,47,58.00,0,0.0,1512283775,755ED,20171203
000132,1,114.387219,22.747022,21,56.00,0,0.0,1512283788,755ED,20171203
000132,1,114.387262,22.746985,13,56.00,0,0.0,1512283798,755ED,20171203
000132,6,114.387488,22.746541,134,0.00,314,0.0,1512283954,755ED,20171203
000132,6,114.387488,22.746541,134,0.00,173,0.0,1512284526,755ED,20171203
000132,6,114.387365,22.746228,206,0.00,249,0.0,1512284671,755ED,20171203
000132,6,114.387276,22.746283,225,0.00,152,0.0,1512285016,755ED,20171203
000132,6,114.387744,22.746353,185,0.00,264,0.0,1512285149,755ED,20171203
000132,6,114.388202,22.746865,452,0.00,194,0.0,1512285434,755ED,20171203
000132,6,114.388202,22.746865,452,0.00,112,0.0,1512285847,755ED,20171203
000132,1,114.387254,22.746877,33,29.00,0,0.0,1512285889,755ED,20171203
000132,6,114.387359,22.746503,164,0.00,226,0.0,1512285923,755ED,20171203
000132,1,114.387275,22.74686,128,24.00,0,0.0,1512285986,755ED,20171203
000132,1,114.387278,22.746862,49,27.00,0,0.0,1512286003,755ED,20171203
000132,1,114.387277,22.746864,49,26.00,0,0.0,1512286068,755ED,20171203
000132,1,114.387734,22.746962,196,-108.00,0,0.0,1512286222,755ED,20171203
000132,1,114.38727,22.746945,27,21.00,20,0.5,1512286236,755ED,20171203
000132,1,114.387265,22.746925,33,22.00,171.5,0.26,1512286240,755ED,20171203
000132,1,114.387256,22.746912,39,22.00,0,0.0,1512286245,755ED,20171203
000132,1,114.387356,22.746927,40,30.00,30.39,0.15,1512286251,755ED,20171203
000132,1,114.387364,22.74692,28,30.00,107.59,0.75,1512286260,755ED,20171203
000132,1,114.387404,22.746909,18,30.00,38.09,1.71,1512286262,755ED,20171203
000132,1,114.38743,22.746787,13,32.00,143.89,1.07,1512286269,755ED,20171203
000132,1,114.387426,22.746776,17,32.00,253.19,0.33,1512286274,755ED,20171203
000132,1,114.387483,22.746931,12,45.00,0,0.23,1512286279,755ED,20171203
000132,1,114.387474,22.746941,10,44.00,326.5,0.41,1512286284,755ED,20171203
000132,1,114.387293,22.746899,9,46.00,251.39,2.54,1512286289,755ED,20171203
000132,1,114.387241,22.746883,10,46.00,255.1,0.91,1512286294,755ED,20171203
000132,1,114.38689,22.746914,10,23.00,261.89,4.97,1512286299,755ED,20171203
000132,1,114.3867,22.746913,5,32.00,263.2,1.72,1512286304,755ED,20171203
000132,1,114.386577,22.747157,17,37.00,351.29,3.84,1512286315,755ED,20171203
000132,1,114.386572,22.747398,17,42.00,17.7,2.58,1512286324,755ED,20171203
000132,1,114.386528,22.747505,12,47.00,355.6,1.31,1512286329,755ED,20171203
000132,1,114.386645,22.747572,12,43.00,72.59,3.35,1512286334,755ED,20171203
000132,1,114.386956,22.747557,17,29.00,97.5,7.37,1512286339,755ED,20171203
000132,1,114.387426,22.747572,14,29.00,82.69,8.58,1512286344,755ED,20171203
000132,1,114.388146,22.747526,9,29.00,88.19,8.06,1512286354,755ED,20171203
000132,1,114.388753,22.747633,15,29.00,76.4,5.67,1512286364,755ED,20171203
000132,1,114.389018,22.747827,7,27.00,0,0.0,1512286369,755ED,20171203
000132,1,114.389329,22.747999,11,39.00,71.69,4.6,1512286379,755ED,20171203
000132,1,114.389559,22.74801,15,39.00,0,0.0,1512286384,755ED,20171203
000132,1,114.389874,22.748144,11,47.00,72.8,5.9,1512286389,755ED,20171203
000132,1,114.390107,22.748199,11,49.00,71.09,6.07,1512286394,755ED,20171203
000132,1,114.390511,22.748236,9,48.00,81.8,8.02,1512286399,755ED,20171203
000132,1,114.391003,22.748339,6,64.00,76.19,9.98,1512286404,755ED,20171203
000132,1,114.392261,22.748654,6,48.00,74,16.59,1512286414,755ED,20171203
000132,1,114.393114,22.748951,7,69.00,71.59,19.46,1512286419,755ED,20171203
000132,1,114.394042,22.749155,7,65.00,74.3,19.93,1512286424,755ED,20171203
000132,1,114.394982,22.749386,7,58.00,76,18.42,1512286429,755ED,20171203
000132,1,114.395592,22.74955,5,49.00,73.19,11.54,1512286434,755ED,20171203
000132,1,114.396183,22.749615,7,47.00,87.09,3.07,1512286444,755ED,20171203
000132,1,114.396067,22.749595,6,55.00,0,0.0,1512286449,755ED,20171203
000132,1,114.39606,22.749618,8,56.00,0,0.0,1512286459,755ED,20171203
000132,1,114.396351,22.749655,9,59.00,89.19,9.33,1512286469,755ED,20171203
000132,1,114.396948,22.749864,4,52.00,72.9,11.19,1512286474,755ED,20171203
000132,1,114.397533,22.750125,7,55.00,72.4,12.9,1512286479,755ED,20171203
000132,1,114.398985,22.750439,6,54.00,75.09,17.19,1512286489,755ED,20171203
000132,1,114.399845,22.750694,14,54.00,72.69,18.57,1512286494,755ED,20171203
000132,1,114.400567,22.750868,10,54.00,72.9,15.6,1512286499,755ED,20171203
000132,1,114.401206,22.75101,13,68.00,76,14.21,1512286504,755ED,20171203
000132,1,114.401214,22.751091,11,44.00,68.9,2.28,1512286509,755ED,20171203
000132,1,114.401256,22.751098,8,47.00,0,0.17,1512286514,755ED,20171203
000132,1,114.401254,22.751081,6,50.00,0,0.05,1512286519,755ED,20171203
000132,1,114.401269,22.751021,8,61.00,0,0.11,1512286524,755ED,20171203
000132,1,114.401226,22.751012,10,66.00,258.89,0.75,1512286529,755ED,20171203
000132,1,114.401209,22.751008,9,70.00,254.5,0.34,1512286534,755ED,20171203
000132,1,114.401424,22.751068,8,74.00,67.19,4.81,1512286539,755ED,20171203
000132,1,114.401782,22.751227,7,67.00,58.7,11.04,1512286544,755ED,20171203
000132,1,114.402328,22.751581,7,66.00,54.9,15.17,1512286549,755ED,20171203
000132,1,114.403019,22.752091,6,64.00,51.59,18.87,1512286554,755ED,20171203
000132,1,114.403755,22.752715,7,52.00,50.2,19.41,1512286559,755ED,20171203
000132,1,114.404496,22.753244,8,54.00,52.79,20.2,1512286564,755ED,20171203
000132,1,114.405292,22.753721,7,57.00,52.5,17.46,1512286569,755ED,20171203
000132,1,114.405868,22.754189,8,34.00,49.2,16.14,1512286574,755ED,20171203
000132,1,114.407018,22.754024,11,25.00,106.9,14.86,1512286584,755ED,20171203
000132,1,114.407517,22.753792,7,27.00,106,14.25,1512286589,755ED,20171203
000132,1,114.408808,22.753419,6,24.00,105.8,12.35,1512286599,755ED,20171203
000132,1,114.409351,22.753279,7,27.00,104.59,12.01,1512286604,755ED,20171203
000132,1,114.409821,22.753142,7,35.00,105.09,8.02,1512286609,755ED,20171203
000132,1,114.410284,22.753671,5,32.00,11.69,11.51,1512286619,755ED,20171203
000132,1,114.410595,22.754615,8,35.00,18.29,9.42,1512286629,755ED,20171203
000132,1,114.410684,22.754934,5,36.00,30.5,6.58,1512286634,755ED,20171203
000132,1,114.410948,22.755013,7,36.00,92.8,6.75,1512286639,755ED,20171203
000132,6,114.411409,22.760034,159,0.00,131,0.0,1512286643,755ED,20171203
000132,1,114.411864,22.75489,10,34.00,101,11.45,1512286649,755ED,20171203
000132,1,114.412318,22.754786,8,34.00,99.59,10.14,1512286654,755ED,20171203
000132,1,114.413264,22.754682,4,20.00,95.9,4.61,1512286664,755ED,20171203
000132,1,114.413517,22.754857,6,18.00,355.7,7.03,1512286674,755ED,20171203
000132,1,114.413424,22.755364,5,19.00,352.1,10.92,1512286679,755ED,20171203
000132,1,114.413317,22.755974,4,23.00,352.39,13.63,1512286684,755ED,20171203
000132,1,114.413286,22.756603,6,25.00,359.1,13.93,1512286689,755ED,20171203
000132,1,114.413274,22.757263,6,25.00,359.2,14.98,1512286694,755ED,20171203
000132,1,114.413272,22.757904,6,27.00,358.39,13.77,1512286699,755ED,20171203
000132,1,114.413298,22.758627,6,24.00,0.6,15.1,1512286704,755ED,20171203
000132,1,114.413287,22.759954,8,33.00,4.5,12.33,1512286714,755ED,20171203
000132,1,114.413323,22.760463,12,37.00,5.9,10.11,1512286719,755ED,20171203
000132,1,114.41347,22.760726,11,33.00,36.7,7.06,1512286724,755ED,20171203
000132,1,114.414405,22.76103,8,35.00,73.4,13.95,1512286734,755ED,20171203
000132,1,114.415901,22.761473,8,27.00,75.9,16.61,1512286744,755ED,20171203
000132,1,114.416549,22.76161,6,28.00,74.69,12.64,1512286749,755ED,20171203
000132,1,114.417033,22.761716,6,20.00,73.5,9.51,1512286754,755ED,20171203
000132,1,114.417985,22.761989,9,22.00,72.8,11.67,1512286763,755ED,20171203
000132,1,114.418697,22.762153,8,27.00,74.4,12.89,1512286769,755ED,20171203
000132,1,114.419315,22.762261,6,29.00,74.19,13.19,1512286774,755ED,20171203
000132,1,114.420604,22.762622,9,31.00,75.4,13.35,1512286784,755ED,20171203
000132,1,114.421234,22.762757,7,26.00,75.3,11.94,1512286789,755ED,20171203
000132,1,114.421792,22.762898,4,24.00,74.3,10.66,1512286794,755ED,20171203
000132,1,114.4222,22.762972,5,11.00,74.19,6.63,1512286799,755ED,20171203
000132,1,114.42263,22.763064,8,24.00,72.8,8.16,1512286809,755ED,20171203
000132,1,114.42312,22.763208,5,31.00,75.59,11.11,1512286814,755ED,20171203
000132,1,114.423758,22.763415,7,22.00,73.69,11.86,1512286819,755ED,20171203
000132,1,114.424931,22.763698,9,27.00,76.09,12.78,1512286829,755ED,20171203
000132,1,114.425418,22.7638,8,28.00,80.3,10.46,1512286834,755ED,20171203
000132,1,114.425817,22.763815,10,22.00,88.69,7.79,1512286839,755ED,20171203
000132,1,114.42618,22.763949,12,20.00,57,7.82,1512286844,755ED,20171203
000132,1,114.4264,22.764276,11,20.00,2.5,7.23,1512286849,755ED,20171203
000132,1,114.426369,22.76448,7,27.00,346.6,4.11,1512286854,755ED,20171203
000132,1,114.426423,22.764854,8,26.00,21.6,8.65,1512286859,755ED,20171203
000132,1,114.42666,22.765266,5,31.00,36.7,11.69,1512286864,755ED,20171203
000132,1,114.42696,22.765704,5,35.00,33.09,11.07,1512286869,755ED,20171203
000132,1,114.42766,22.766686,20,39.00,28.1,9.04,1512286881,755ED,20171203
000132,6,114.426351,22.76461,218,0.00,69,0.0,1512286885,755ED,20171203
000132,1,114.428149,22.76746,16,48.00,34.7,11.41,1512286889,755ED,20171203
000132,1,114.428397,22.767849,7,50.00,30.39,9.6,1512286894,755ED,20171203
000132,1,114.428564,22.768187,8,45.00,30.39,10.63,1512286899,755ED,20171203
000132,1,114.428923,22.768641,8,41.00,30.39,12.09,1512286904,755ED,20171203
000132,1,114.429276,22.769113,6,51.00,30.2,11.24,1512286909,755ED,20171203
000132,1,114.429542,22.769578,7,43.00,28.2,11.6,1512286914,755ED,20171203
000132,1,114.429914,22.770109,4,39.00,32.9,12.44,1512286919,755ED,20171203
000132,1,114.430528,22.770868,8,44.00,37.79,10.98,1512286929,755ED,20171203
000132,1,114.430837,22.77122,5,41.00,42.79,11.33,1512286934,755ED,20171203
000132,1,114.431246,22.771571,8,47.00,47.7,12.38,1512286939,755ED,20171203
000132,1,114.4317,22.771828,13,42.00,53.29,11.62,1512286944,755ED,20171203
000132,1,114.432268,22.771997,8,43.00,69.09,11.19,1512286949,755ED,20171203
000132,1,114.432835,22.772202,9,42.00,71.59,12.35,1512286954,755ED,20171203
000132,1,114.433353,22.772363,5,32.00,75.09,10.66,1512286959,755ED,20171203
000132,1,114.434199,22.77255,5,24.00,76.69,8.16,1512286969,755ED,20171203
000132,1,114.434647,22.772639,7,31.00,72.59,10.8,1512286974,755ED,20171203
000132,1,114.435609,22.773106,8,29.00,61.2,10.07,1512286984,755ED,20171203
000132,1,114.435928,22.773255,9,29.00,57.29,5.63,1512286989,755ED,20171203
000132,1,114.43606,22.773587,7,21.00,355.29,2.19,1512286999,755ED,20171203
000132,1,114.436058,22.773593,7,10.00,322.89,0.49,1512287004,755ED,20171203
000132,1,114.436011,22.773667,13,15.00,145.6,0.22,1512287014,755ED,20171203
000132,1,114.435982,22.773703,15,15.00,23.2,0.92,1512287019,755ED,20171203
000132,1,114.435996,22.773734,16,15.00,18.79,0.7,1512287024,755ED,20171203
000132,1,114.435994,22.77388,11,20.00,332,2.89,1512287029,755ED,20171203
000132,1,114.435805,22.774017,27,15.00,322.89,2.61,1512287040,755ED,20171203
000132,1,114.435531,22.774472,31,21.00,325.2,5.14,1512287048,755ED,20171203
000132,1,114.435568,22.774757,16,27.00,343.5,4.47,1512287055,755ED,20171203
000132,1,114.435547,22.775071,25,32.00,350.5,5.93,1512287061,755ED,20171203
000132,1,114.435491,22.775291,21,32.00,349.39,3.94,1512287066,755ED,20171203
000132,1,114.435246,22.775703,33,13.00,339.29,4.37,1512287078,755ED,20171203
000132,1,114.434993,22.776342,24,10.00,336.7,6.38,1512287086,755ED,20171203
000132,1,114.434845,22.776551,20,24.00,342.2,2.98,1512287095,755ED,20171203
000132,1,114.434766,22.776655,14,32.00,299.6,2.44,1512287100,755ED,20171203
000132,1,114.434569,22.776644,17,26.00,250.8,5.5,1512287105,755ED,20171203
000132,1,114.43373,22.776293,17,27.00,252.3,8.67,1512287115,755ED,20171203
000132,1,114.432915,22.775933,7,13.00,238.3,9.14,1512287125,755ED,20171203
000132,1,114.432431,22.775814,6,21.00,250.6,10.93,1512287130,755ED,20171203
000132,1,114.432,22.775614,7,29.00,245.3,10.39,1512287135,755ED,20171203
000132,1,114.431657,22.775461,9,30.00,237.6,7.86,1512287140,755ED,20171203
000132,1,114.431557,22.775482,6,30.00,231,3.39,1512287145,755ED,20171203
000132,1,114.431765,22.775779,16,26.00,34.79,2.3,1512287150,755ED,20171203
000132,1,114.431718,22.775299,19,27.00,208.19,2.26,1512287156,755ED,20171203
000132,1,114.431759,22.775412,18,29.00,29,1.18,1512287166,755ED,20171203
000132,1,114.431796,22.775613,24,30.00,29.1,2.25,1512287171,755ED,20171203
000132,1,114.431769,22.775522,23,35.00,187.8,0.61,1512287177,755ED,20171203
000132,1,114.431743,22.775365,29,29.00,183.89,0.65,1512287186,755ED,20171203
000132,1,114.431734,22.775212,23,25.00,109.69,0.32,1512287191,755ED,20171203
000132,1,114.431733,22.775198,14,24.00,0,0.0,1512287205,755ED,20171203
000132,1,114.431734,22.775203,17,23.00,0,0.0,1512287210,755ED,20171203
000132,1,114.431763,22.775336,14,30.00,0,0.0,1512287216,755ED,20171203
000132,1,114.43181,22.775381,16,35.00,0,0.0,1512287225,755ED,20171203
000132,1,114.431793,22.775358,15,33.00,0,0.0,1512287230,755ED,20171203
000132,1,114.431783,22.775341,16,33.00,0,0.0,1512287235,755ED,20171203
000132,1,114.431785,22.775343,17,34.00,0,0.0,1512287240,755ED,20171203
000132,1,114.431798,22.775346,19,35.00,0,0.0,1512287246,755ED,20171203
000132,1,114.431767,22.775298,14,39.00,213.39,1.46,1512287255,755ED,20171203
000132,1,114.431682,22.775273,15,33.00,230.8,1.27,1512287260,755ED,20171203
000132,1,114.431698,22.77526,13,36.00,77.59,0.37,1512287270,755ED,20171203
000132,1,114.431727,22.775279,15,37.00,48.7,0.35,1512287275,755ED,20171203
000132,1,114.43178,22.775393,12,39.00,343.39,1.07,1512287280,755ED,20171203
000132,1,114.431734,22.775366,10,37.00,333.1,1.17,1512287285,755ED,20171203
000132,1,114.431746,22.775384,9,34.00,27,1.73,1512287290,755ED,20171203
000132,1,114.431767,22.775457,9,31.00,343.2,0.77,1512287300,755ED,20171203
000132,1,114.431862,22.775485,9,41.00,69.69,1.15,1512287310,755ED,20171203
000132,1,114.431833,22.775323,9,41.00,183.69,1.33,1512287315,755ED,20171203
000132,1,114.43176,22.775132,13,31.00,195.69,2.37,1512287320,755ED,20171203
000132,1,114.431674,22.775006,16,21.00,205.19,1.87,1512287326,755ED,20171203
000132,1,114.431648,22.775091,28,25.00,293.1,0.81,1512287336,755ED,20171203
000132,1,114.431735,22.774994,23,27.00,0,0.0,1512287341,755ED,20171203
000132,1,114.431701,22.774973,23,29.00,0,0.0,1512287346,755ED,20171203
000132,1,114.431694,22.774965,26,29.00,0,0.0,1512287356,755ED,20171203
000132,1,114.431704,22.774985,19,30.00,0,0.0,1512287361,755ED,20171203
000132,1,114.4317,22.774987,19,29.00,0,0.0,1512287370,755ED,20171203
000132,1,114.431641,22.774949,21,25.00,107.3,0.24,1512287376,755ED,20171203
000132,1,114.431719,22.775074,32,29.00,0,0.0,1512287387,755ED,20171203
000132,1,114.431715,22.775067,28,29.00,0,0.0,1512287396,755ED,20171203
000132,1,114.431709,22.775018,25,24.00,0,0.0,1512287401,755ED,20171203
000132,1,114.431707,22.774988,18,22.00,0,0.0,1512287406,755ED,20171203
000132,1,114.431704,22.774962,19,21.00,0,0.0,1512287408,755ED,20171203
000132,1,114.431549,22.774844,33,9.00,0,0.0,1512287421,755ED,20171203
000132,1,114.431441,22.774902,32,11.00,0,0.0,1512287441,755ED,20171203
000132,1,114.431438,22.774872,27,12.00,0,0.0,1512287460,755ED,20171203
000132,1,114.431438,22.774891,28,14.00,0,0.0,1512287471,755ED,20171203
000132,1,114.431445,22.774917,38,17.00,0,0.0,1512287491,755ED,20171203
000132,1,114.431474,22.774891,48,13.00,0,0.0,1512287509,755ED,20171203
000132,1,114.431695,22.774951,23,23.00,66.3,0.6,1512287523,755ED,20171203
000132,1,114.431707,22.775116,20,30.00,170.89,0.19,1512287526,755ED,20171203
000132,1,114.431742,22.77522,25,29.00,41.5,0.62,1512287531,755ED,20171203
000132,1,114.431716,22.775258,24,26.00,2.5,0.33,1512287537,755ED,20171203
000132,1,114.4317,22.775264,31,27.00,0,0.0,1512287542,755ED,20171203
000132,1,114.431682,22.775256,35,27.00,0,0.0,1512287547,755ED,20171203
000132,1,114.431692,22.775257,32,27.00,0,0.0,1512287552,755ED,20171203
000132,1,114.431718,22.775276,24,26.00,0,0.0,1512287557,755ED,20171203
000132,1,114.431741,22.775225,32,29.00,0,0.0,1512287610,755ED,20171203
000132,1,114.431734,22.775218,36,36.00,0,0.0,1512287629,755ED,20171203
000132,1,114.431773,22.775168,47,28.00,0,0.0,1512287653,755ED,20171203
000132,6,114.43157,22.775261,102,0.00,341,0.0,1512287792,755ED,20171203
000132,1,114.431813,22.775747,29,84.00,333.89,1.58,1512288049,755ED,20171203
000132,1,114.431747,22.775854,20,86.00,337.89,1.38,1512288052,755ED,20171203
000132,1,114.431795,22.775756,23,72.00,25.2,0.56,1512288057,755ED,20171203
000132,1,114.43167,22.775443,10,44.00,256.7,0.94,1512288062,755ED,20171203
000132,1,114.431651,22.775594,9,40.00,351.2,0.82,1512288071,755ED,20171203
000132,1,114.431589,22.775614,11,41.00,305.1,1.12,1512288076,755ED,20171203
000132,1,114.431538,22.775654,8,38.00,281.79,0.66,1512288081,755ED,20171203
000132,1,114.431483,22.775656,7,35.00,257.79,0.47,1512288086,755ED,20171203
000132,1,114.431445,22.775624,7,36.00,253.8,0.62,1512288091,755ED,20171203
000132,1,114.43138,22.775554,14,28.00,233.8,0.56,1512288101,755ED,20171203
000132,1,114.431367,22.775531,29,26.00,179.8,0.51,1512288107,755ED,20171203
000132,1,114.431371,22.775548,37,11.00,291.39,0.2,1512288113,755ED,20171203
000132,1,114.431354,22.775532,42,13.00,227.5,0.4,1512288119,755ED,20171203
000132,1,114.431351,22.775469,21,15.00,178,0.53,1512288123,755ED,20171203
000132,1,114.431423,22.775408,14,11.00,78.59,0.87,1512288132,755ED,20171203
000132,1,114.431449,22.775446,10,16.00,0,0.0,1512288142,755ED,20171203
000132,1,114.431443,22.775437,7,15.00,0,0.0,1512288150,755ED,20171203
000132,1,114.431446,22.775449,26,16.00,0,0.0,1512288158,755ED,20171203
000132,1,114.431491,22.775346,17,28.00,0,0.0,1512288167,755ED,20171203
000132,1,114.43149,22.775363,19,28.00,0,0.0,1512288172,755ED,20171203
000132,1,114.431493,22.775367,25,27.00,0,0.0,1512288182,755ED,20171203
000132,1,114.431491,22.775365,21,28.00,0,0.0,1512288187,755ED,20171203
000132,1,114.431485,22.775394,18,26.00,0,0.0,1512288212,755ED,20171203
000132,1,114.431477,22.77542,9,24.00,0,0.0,1512288220,755ED,20171203
000132,1,114.431491,22.775427,11,28.00,0,0.0,1512288234,755ED,20171203
000132,1,114.431616,22.775405,19,42.00,0,0.0,1512288253,755ED,20171203
000132,1,114.431595,22.775309,17,35.00,0,0.0,1512288264,755ED,20171203
000132,1,114.431738,22.775226,20,33.00,271.89,0.83,1512288284,755ED,20171203
000132,1,114.431805,22.775399,11,45.00,144.19,0.5,1512288286,755ED,20171203
000132,1,114.43175,22.775368,10,45.00,194.6,0.6,1512288291,755ED,20171203
000132,1,114.431762,22.775371,8,44.00,151.39,0.83,1512288296,755ED,20171203
000132,1,114.43182,22.775351,14,37.00,67.5,0.5,1512288306,755ED,20171203
000132,1,114.431772,22.775214,14,35.00,174.39,1.17,1512288316,755ED,20171203
000132,1,114.431838,22.775038,12,42.00,159.19,1.49,1512288326,755ED,20171203
000132,1,114.431787,22.774998,11,40.00,191.89,1.61,1512288331,755ED,20171203
000132,1,114.431746,22.774881,14,44.00,199.3,0.86,1512288341,755ED,20171203
000132,1,114.431773,22.774717,13,25.00,152.5,1.33,1512288346,755ED,20171203
000132,1,114.431769,22.774688,18,23.00,155.89,0.57,1512288351,755ED,20171203
000132,1,114.431799,22.77464,18,28.00,127.19,0.79,1512288357,755ED,20171203
000132,1,114.431853,22.774644,17,41.00,115.19,1.04,1512288366,755ED,20171203
000132,1,114.431881,22.77462,14,41.00,103.19,1.0,1512288371,755ED,20171203
000132,1,114.431883,22.774657,13,42.00,34.2,0.45,1512288376,755ED,20171203
000132,1,114.431447,22.777256,236,-214.00,36.9,0.47,1512288570,755ED,20171203
000132,1,114.432426,22.774268,48,30.00,90.19,0.56,1512288581,755ED,20171203
000132,1,114.432351,22.774277,47,33.00,275.89,0.4,1512288594,755ED,20171203
000132,1,114.432477,22.774146,47,30.00,148.3,0.72,1512288599,755ED,20171203
000132,6,114.43157,22.775261,102,0.00,341,0.0,1512289078,755ED,20171203
000132,6,114.433955,22.772451,168,0.00,232,0.0,1512289393,755ED,20171203
000132,6,114.433955,22.772451,168,0.00,232,0.0,1512289694,755ED,20171203
000132,6,114.433955,22.772451,168,0.00,249,0.0,1512289694,755ED,20171203
000132,6,114.433955,22.772451,168,0.00,249,0.0,1512290000,755ED,20171203
000132,6,114.433955,22.772451,168,0.00,249,0.0,1512290362,755ED,20171203
000132,6,114.433955,22.772451,168,0.00,250,0.0,1512290363,755ED,20171203
000132,6,114.433955,22.772451,168,0.00,250,0.0,1512290693,755ED,20171203
000132,6,114.433955,22.772451,168,0.00,250,0.0,1512290995,755ED,20171203
000132,6,114.434409,22.772656,100,0.00,252,0.0,1512290996,755ED,20171203
000132,6,114.434409,22.772656,100,0.00,250,0.0,1512291298,755ED,20171203
000132,6,114.434409,22.772656,100,0.00,250,0.0,1512291600,755ED,20171203
000132,6,114.434409,22.772656,100,0.00,251,0.0,1512291902,755ED,20171203
000132,6,114.434409,22.772656,100,0.00,251,0.0,1512292205,755ED,20171203
000132,6,114.434409,22.772656,100,0.00,251,0.0,1512292205,755ED,20171203
000132,6,114.433955,22.772451,168,0.00,172,0.0,1512292685,755ED,20171203
000132,1,114.433236,22.77249,81,128.00,0,0.0,1512292755,755ED,20171203
000132,1,114.433217,22.772553,61,123.00,0,0.0,1512292775,755ED,20171203
000132,1,114.433224,22.77256,42,123.00,0,0.0,1512292785,755ED,20171203
000132,1,114.433225,22.772562,39,124.00,0,0.0,1512292794,755ED,20171203
000132,1,114.43322,22.772568,115,123.00,0,0.0,1512292867,755ED,20171203
000132,1,114.433219,22.772568,88,123.00,0,0.0,1512292910,755ED,20171203
000132,1,114.433209,22.772573,182,121.00,0,0.0,1512293020,755ED,20171203
000132,1,114.433202,22.772588,239,121.00,0,0.0,1512293253,755ED,20171203
000132,6,114.434349,22.772607,100,0.00,179,0.0,1512293312,755ED,20171203
000132,6,114.434349,22.772607,100,0.00,179,0.0,1512294024,755ED,20171203
000132,6,114.434349,22.772607,100,0.00,179,0.0,1512294326,755ED,20171203
000132,6,114.433955,22.772451,168,0.00,0,0.0,1512294328,755ED,20171203
000132,6,114.433955,22.772451,168,0.00,0,0.0,1512294632,755ED,20171203
000132,6,114.433955,22.772451,168,0.00,0,0.0,1512294933,755ED,20171203
000132,6,114.433955,22.772451,168,0.00,179,0.0,1512294934,755ED,20171203
000132,6,114.433955,22.772451,168,0.00,179,0.0,1512295235,755ED,20171203
000132,6,114.433955,22.772451,168,0.00,179,0.0,1512295564,755ED,20171203
000132,6,114.433955,22.772451,168,0.00,0,0.0,1512295566,755ED,20171203
000132,6,114.433955,22.772451,168,0.00,178,0.0,1512295881,755ED,20171203
000132,1,114.432334,22.774318,46,30.00,0,0.0,1512295908,755ED,20171203
000132,1,114.432437,22.774153,19,32.00,0,0.0,1512295921,755ED,20171203
000132,6,114.433955,22.772451,168,0.00,178,0.0,1512296197,755ED,20171203
000132,6,114.433955,22.772451,168,0.00,0,0.0,1512296199,755ED,20171203
000132,6,114.433955,22.772451,168,0.00,0,0.0,1512296513,755ED,20171203
000132,6,114.433955,22.772451,168,0.00,0,0.0,1512296830,755ED,20171203
000132,6,114.433955,22.772451,168,0.00,0,0.0,1512296939,755ED,20171203
000132,6,114.433955,22.772451,168,0.00,243,0.0,1512297146,755ED,20171203
000132,6,114.433955,22.772451,168,0.00,243,0.0,1512297450,755ED,20171203
000132,6,114.433955,22.772451,168,0.00,0,0.0,1512297493,755ED,20171203
000132,6,114.433955,22.772451,168,0.00,0,0.0,1512297764,755ED,20171203
000132,6,114.433955,22.772451,168,0.00,0,0.0,1512298087,755ED,20171203
000132,6,114.433955,22.772451,168,0.00,0,0.0,1512298451,755ED,20171203
000132,6,114.433955,22.772451,168,0.00,0,0.0,1512298462,755ED,20171203
000132,6,114.433955,22.772451,168,0.00,0,0.0,1512298778,755ED,20171203
000132,6,114.433955,22.772451,168,0.00,0,0.0,1512299087,755ED,20171203
000132,6,114.433955,22.772451,168,0.00,0,0.0,1512299089,755ED,20171203
000132,1,114.433134,22.77361,71,47.00,0,0.0,1512299241,755ED,20171203
000132,6,114.434349,22.772607,100,0.00,264,0.0,1512299325,755ED,20171203
000132,6,114.434349,22.772607,100,0.00,264,0.0,1512299409,755ED,20171203
000132,6,114.434349,22.772607,100,0.00,264,0.0,1512299738,755ED,20171203
000132,6,114.434409,22.772656,100,0.00,261,0.0,1512300040,755ED,20171203
000132,6,114.434409,22.772656,100,0.00,261,0.0,1512300340,755ED,20171203
000132,6,114.434409,22.772656,100,0.00,0,0.0,1512300342,755ED,20171203
000132,6,114.434409,22.772656,100,0.00,0,0.0,1512300640,755ED,20171203
000132,6,114.434409,22.772656,100,0.00,0,0.0,1512300942,755ED,20171203
000132,6,114.434409,22.772656,100,0.00,0,0.0,1512300944,755ED,20171203
000132,6,114.434409,22.772656,100,0.00,264,0.0,1512301272,755ED,20171203
000132,6,114.434409,22.772656,100,0.00,264,0.0,1512301622,755ED,20171203
000132,6,114.434409,22.772656,100,0.00,0,0.0,1512301625,755ED,20171203
000132,6,114.434409,22.772656,100,0.00,263,0.0,1512302283,755ED,20171203
000132,6,114.434409,22.772656,100,0.00,263,0.0,1512302601,755ED,20171203
000132,6,114.434409,22.772656,100,0.00,261,0.0,1512302602,755ED,20171203
000132,6,114.434409,22.772656,100,0.00,264,0.0,1512302916,755ED,20171203
000132,6,114.434409,22.772656,100,0.00,264,0.0,1512303234,755ED,20171203
000132,6,114.434409,22.772656,100,0.00,264,0.0,1512303235,755ED,20171203
000132,6,114.434409,22.772656,100,0.00,264,0.0,1512303551,755ED,20171203
000132,1,114.432913,22.773638,39,-6.00,0,0.0,1512303806,755ED,20171203
000132,6,114.434409,22.772656,100,0.00,264,0.0,1512303879,755ED,20171203
000132,6,114.434409,22.772656,100,0.00,264,0.0,1512304195,755ED,20171203
000132,6,114.434409,22.772656,100,0.00,0,0.0,1512304196,755ED,20171203
000132,6,114.434409,22.772656,100,0.00,0,0.0,1512304514,755ED,20171203
000132,6,114.434409,22.772656,100,0.00,0,0.0,1512304825,755ED,20171203
000132,6,114.434409,22.772656,100,0.00,49,0.0,1512305142,755ED,20171203
000132,6,114.434409,22.772656,100,0.00,49,0.0,1512305443,755ED,20171203
000132,6,114.434409,22.772656,100,0.00,52,0.0,1512305444,755ED,20171203
000132,6,114.434409,22.772656,100,0.00,43,0.0,1512305774,755ED,20171203
000132,6,114.434409,22.772656,100,0.00,43,0.0,1512306124,755ED,20171203
000132,6,114.434409,22.772656,100,0.00,58,0.0,1512306125,755ED,20171203
000132,6,114.434409,22.772656,100,0.00,45,0.0,1512306427,755ED,20171203
000132,6,114.434409,22.772656,100,0.00,45,0.0,1512306731,755ED,20171203
